<?xml version="1.0" encoding="UTF-8" standalone="yes" ?>
<railsys>
	<version major="1" minor="0" patchlevel="0" comment="Erzeugt von RailSys\Simu/7.6.12 am Di 25. Nov 14:59:55 2014"/>
	<alternativePlatforms>
		<trackList stationID="Khausen" trackIDs="N-1@N-3@N-2" trainClasses="FRz@NRz@S@Rz@FGz@NGz@Gz@Lz@Unbekannt" fromStation="AbzwJwei" toStation="Lfeld" selMode="fromStart" description="Khausen: AbzwJwei-&gt;Lfeld (Alle Zugklassen)"/>
		<trackList stationID="Hberg" trackIDs="N-3@H-1@N-4" trainClasses="FRz@NRz@S@Rz@FGz@NGz@Gz@Lz@Unbekannt" fromStation="AbzwGhof" toStation="AbzwGhof" selMode="fromStart" description="Hberg: AbzwGhof-&gt;AbzwGhof (Alle Zugklassen)"/>
		<trackList stationID="Hberg" trackIDs="P-1@P-3@A-1@P-2@P-4@N-3@H-1@N-4" trainClasses="FRz@NRz@S@Rz@FGz@NGz@Gz@Lz@Unbekannt" onlyStart="true" toStation="AbzwGhof" selMode="fromStart" description="Hberg: Einfahrt-&gt;AbzwGhof (Alle Zugklassen)"/>
		<trackList stationID="Hberg" trackIDs="N-1@N-4@N-2@N-3" trainClasses="FRz@NRz@S@Rz@FGz@NGz@Gz@Lz@Unbekannt" fromStation="AbzwGhof" toStation="AbzwJwei" selMode="fromStart" description="Hberg: AbzwGhof-&gt;AbzwJwei (Alle Zugklassen)"/>
		<trackList stationID="Hberg" trackIDs="N-1@N-4@N-3@H-1@N-2" trainClasses="FRz@NRz@S@Rz@FGz@NGz@Gz@Lz@Unbekannt" fromStation="AbzwGhof" onlyEnd="true" selMode="fromStart" description="Hberg: AbzwGhof-&gt;Ausfahrt (Alle Zugklassen)"/>
		<trackList stationID="Hberg" trackIDs="P-1@P-2@P-3@P-4" trainClasses="FRz@NRz@S@Rz@FGz@NGz@Gz@Lz@Unbekannt" fromStation="AbzwJwei" onlyEnd="true" selMode="fromStart" description="Hberg: AbzwJwei-&gt;Ausfahrt (Alle Zugklassen)"/>
		<trackList stationID="Hberg" trackIDs="P-1@P-3@P-4@P-2" trainClasses="FRz@NRz@S@Rz@FGz@NGz@Gz@Lz@Unbekannt" fromStation="AbzwJwei" toStation="AbzwGhof" selMode="fromStart" description="Hberg: AbzwJwei-&gt;AbzwGhof (Alle Zugklassen)"/>
		<trackList stationID="Hberg" trackIDs="N-1@A-1@P-2@P-3@N-4@N-2@N-3" trainClasses="FRz@NRz@S@Rz@FGz@NGz@Gz@Lz@Unbekannt" onlyStart="true" toStation="AbzwJwei" selMode="fromStart" description="Hberg: Einfahrt-&gt;AbzwJwei (Alle Zugklassen)"/>
		<trackList stationID="Khausen" trackIDs="P-1@P-3@P-2" trainClasses="FRz@NRz@S@Rz@FGz@NGz@Gz@Lz@Unbekannt" fromStation="Lfeld" toStation="AbzwJwei" selMode="fromStart" description="Khausen: Lfeld-&gt;AbzwJwei (Alle Zugklassen)"/>
	</alternativePlatforms>
</railsys>