<?xml version="1.0" encoding="UTF-8" standalone="yes" ?>
<railsys>
	<version major="1" minor="0" patchlevel="0" comment="Erzeugt von RailSys\Simu/7.6.12 am Di 25. Nov 14:59:54 2014"/>
	<alternativePlatforms>
		<trackList stationID="Dstadt" trackIDs="N-1@N-2" trainClasses="FRz@NRz@S@Rz@FGz@NGz@Gz@Lz@Unbekannt" fromStation="Cheim" toStation="Cheim" selMode="fromStart" description="Dstadt: Cheim-&gt;Cheim (Alle Zugklassen)"/>
		<trackList stationID="Dstadt" trackIDs="N-3@N-2" trainClasses="FRz@NRz@S@Rz@FGz@NGz@Gz@Lz@Unbekannt" fromStation="AbzwGhof" toStation="Eburg" selMode="fromStart" description="Dstadt: AbzwGhof-&gt;Eburg (Alle Zugklassen)"/>
		<trackList stationID="Dstadt" trackIDs="P-3@P-4" trainClasses="FRz@NRz@S@Rz@FGz@NGz@Gz@Lz@Unbekannt" fromStation="Eburg" toStation="Eburg" selMode="fromStart" description="Dstadt: Eburg-&gt;Eburg (Alle Zugklassen)"/>
		<trackList stationID="Dstadt" trackIDs="N-3@N-2" trainClasses="FRz@NRz@S@Rz@FGz@NGz@Gz@Lz@Unbekannt" fromStation="AbzwGhof" toStation="AbzwGhof" selMode="fromStart" description="Dstadt: AbzwGhof-&gt;AbzwGhof (Alle Zugklassen)"/>
		<trackList stationID="Dstadt" trackIDs="P-4@P-3" trainClasses="FRz@NRz@S@Rz@FGz@NGz@Gz@Lz@Unbekannt" fromStation="Eburg" toStation="AbzwGhof" selMode="fromStart" description="Dstadt: Eburg-&gt;AbzwGhof (Alle Zugklassen)"/>
		<trackList stationID="Dstadt" trackIDs="P-2@P-1@P-4" trainClasses="FRz@NRz@S@Rz@FGz@NGz@Gz@Lz@Unbekannt" fromStation="Eburg" toStation="Cheim" selMode="fromStart" description="Dstadt: Eburg-&gt;Cheim (Alle Zugklassen)"/>
		<trackList stationID="Dstadt" trackIDs="N-1@N-2" trainClasses="FRz@NRz@S@Rz@FGz@NGz@Gz@Lz@Unbekannt" fromStation="Cheim" toStation="Eburg" selMode="fromStart" description="Dstadt: Cheim-&gt;Eburg (Alle Zugklassen)"/>
	</alternativePlatforms>
</railsys>