﻿<?xml version="1.0" encoding="utf-8"?>
<railsys>
  <version major="1" minor="0" patchlevel="0" comment="Erzeugt von Iev.Interop.RailSys4/1.0.0.0" />
  <trainpatterns>
    <trainpattern name="FRz" parenttrainpattern="" />
    <trainpattern name="A-S" parenttrainpattern="/FRz" />
    <trainpattern name="hin" parenttrainpattern="/FRz/A-S" />
    <trainpattern name="rück" parenttrainpattern="/FRz/A-S" />
    <trainpattern name="A-Z" parenttrainpattern="/FRz" />
    <trainpattern name="hin" parenttrainpattern="/FRz/A-Z" />
    <trainpattern name="F-S" parenttrainpattern="/FRz" />
    <trainpattern name="hin" parenttrainpattern="/FRz/F-S" />
    <trainpattern name="rück" parenttrainpattern="/FRz/F-S" />
    <trainpattern name="F-Z" parenttrainpattern="/FRz" />
    <trainpattern name="rück" parenttrainpattern="/FRz/F-Z" />
    <trainpattern name="Gz" parenttrainpattern="" />
    <trainpattern name="A-F" parenttrainpattern="/Gz" />
    <trainpattern name="F-S" parenttrainpattern="/Gz" />
    <trainpattern name="L-F" parenttrainpattern="/Gz" />
    <trainpattern name="NRz" parenttrainpattern="" />
    <trainpattern name="A-F RB" parenttrainpattern="/NRz" />
    <trainpattern name="A-F RE" parenttrainpattern="/NRz" />
    <trainpattern name="hin" parenttrainpattern="/NRz/A-F RE" />
    <trainpattern name="rück" parenttrainpattern="/NRz/A-F RE" />
    <trainpattern name="A-S" parenttrainpattern="/NRz" />
    <trainpattern name="hin" parenttrainpattern="/NRz/A-S" />
    <trainpattern name="rück" parenttrainpattern="/NRz/A-S" />
    <trainpattern name="A-Z RB" parenttrainpattern="/NRz" />
    <trainpattern name="hin" parenttrainpattern="/NRz/A-Z RB" />
    <trainpattern name="rück" parenttrainpattern="/NRz/A-Z RB" />
    <trainpattern name="A-Z RE" parenttrainpattern="/NRz" />
    <trainpattern name="hin" parenttrainpattern="/NRz/A-Z RE" />
    <trainpattern name="F-S" parenttrainpattern="/NRz" />
    <trainpattern name="hin" parenttrainpattern="/NRz/F-S" />
    <trainpattern name="rück" parenttrainpattern="/NRz/F-S" />
    <trainpattern name="F-Z RB" parenttrainpattern="/NRz" />
    <trainpattern name="hin" parenttrainpattern="/NRz/F-Z RB" />
    <trainpattern name="rück" parenttrainpattern="/NRz/F-Z RB" />
    <trainpattern name="F-Z RE" parenttrainpattern="/NRz" />
    <trainpattern name="hin" parenttrainpattern="/NRz/F-Z RE" />
    <trainpattern name="rück" parenttrainpattern="/NRz/F-Z RE" />
    <trainpattern name="L-Z" parenttrainpattern="/NRz" />
    <trainpattern name="rück" parenttrainpattern="/NRz/L-Z" />
  </trainpatterns>
</railsys>