<?xml version="1.0" encoding="utf-8" standalone="yes"?>
<circulations>
    <circulation ID="C100">
        <train number="100"></train>
        <train number="106"></train>
        <train number="112"></train>
        <train number="118"></train>
        <train number="124"></train>
        <train number="130"></train>
        <train number="136"></train>
        <train number="142"></train>
        <train number="148"></train>
        <train number="154"></train>
    </circulation>
    <circulation ID="C104">
        <train number="104"></train>
        <train number="110"></train>
        <train number="116"></train>
        <train number="122"></train>
        <train number="128"></train>
        <train number="134"></train>
        <train number="140"></train>
        <train number="146"></train>
        <train number="152"></train>
        <train number="158"></train>
    </circulation>
    <circulation ID="C200">
        <train number="200"></train>
        <train number="208"></train>
        <train number="216"></train>
        <train number="224"></train>
        <train number="232"></train>
    </circulation>
    <circulation ID="C202">
        <train number="202"></train>
        <train number="210"></train>
        <train number="218"></train>
        <train number="226"></train>
        <train number="234"></train>
    </circulation>
    <circulation ID="C204">
        <train number="204"></train>
        <train number="212"></train>
        <train number="220"></train>
        <train number="228"></train>
        <train number="236"></train>
    </circulation>
    <circulation ID="C206">
        <train number="206"></train>
        <train number="214"></train>
        <train number="222"></train>
        <train number="230"></train>
        <train number="238"></train>
    </circulation>
</circulations>
