STATE_ID, START_NODE_ID, END_NODE_ID, EDGE_TYPE
2205,0,1,0
2205,1,0,1
2205,1,2,0
2205,2,1,1
2205,2,3,0
2205,3,2,1
2205,3,4,0
2205,4,3,1
2205,4,5,0
2205,5,4,1
2205,5,6,0
2205,6,5,1
2205,6,7,0
2205,7,6,1
2205,7,8,0
2205,8,7,1
2205,8,9,0
2205,9,8,1
2205,9,10,0
2205,10,9,1
2205,10,11,0
2205,11,10,1
2205,11,12,0
2205,12,11,1
2205,12,13,0
2205,13,12,1
2205,13,14,0
2205,14,13,1
2205,14,15,0
2205,15,14,1
2205,15,16,0
2205,16,15,1
2205,16,17,0
2205,17,16,1
2205,17,18,0
2205,18,17,1
2205,18,19,0
2205,19,18,1
2205,19,20,0
2205,20,19,1
2205,20,21,0
2205,21,20,1
2205,21,22,0
2205,22,21,1
2205,23,24,0
2205,24,23,1
2205,24,25,0
2205,25,24,1
2205,25,26,0
2205,26,25,1
2205,26,27,0
2205,27,26,1
2205,27,28,0
2205,28,27,1
2205,28,29,0
2205,29,28,1
2205,29,30,0
2205,30,29,1
2205,30,31,0
2205,31,30,1
2205,31,32,0
2205,32,31,1
2205,32,33,0
2205,33,32,1
2205,33,34,0
2205,34,33,1
2205,34,35,0
2205,35,34,1
2205,35,36,0
2205,36,35,1
2205,36,37,0
2205,37,36,1
2205,37,38,0
2205,38,37,1
2205,38,39,0
2205,39,38,1
2205,40,41,0
2205,41,40,1
2205,41,42,0
2205,42,41,1
2205,42,43,0
2205,43,42,1
2205,43,44,0
2205,44,43,1
2205,44,45,0
2205,45,44,1
2205,45,46,0
2205,46,45,1
2205,46,47,0
2205,47,46,1
2205,47,48,0
2205,48,47,1
2205,48,49,0
2205,49,48,1
2205,49,50,0
2205,50,49,1
2205,50,51,0
2205,51,50,1
2205,51,52,0
2205,52,51,1
2205,52,53,0
2205,53,52,1
2205,53,54,0
2205,54,53,1
2205,54,55,0
2205,55,54,1
2205,55,56,0
2205,56,55,1
2205,56,57,0
2205,57,56,1
2205,57,58,0
2205,58,57,1
2205,58,59,0
2205,59,58,1
2205,59,60,0
2205,60,59,1
2205,60,61,0
2205,61,60,1
2205,61,62,0
2205,62,61,1
2205,62,63,0
2205,63,62,1
2205,63,64,0
2205,64,63,1
2205,64,65,0
2205,65,64,1
2205,65,66,0
2205,66,65,1
2205,66,67,0
2205,67,66,1
2205,0,23,2
2205,23,0,2
2205,0,24,2
2205,24,0,2
2205,0,25,2
2205,25,0,2
2205,0,26,2
2205,26,0,2
2205,0,27,2
2205,27,0,2
2205,0,28,2
2205,28,0,2
2205,0,29,2
2205,29,0,2
2205,0,30,2
2205,30,0,2
2205,0,31,2
2205,31,0,2
2205,0,32,2
2205,32,0,2
2205,0,33,2
2205,33,0,2
2205,0,34,2
2205,34,0,2
2205,0,35,2
2205,35,0,2
2205,0,36,2
2205,36,0,2
2205,0,37,2
2205,37,0,2
2205,0,38,2
2205,38,0,2
2205,0,39,2
2205,39,0,2
2205,0,40,2
2205,40,0,2
2205,0,41,2
2205,41,0,2
2205,0,42,2
2205,42,0,2
2205,0,43,2
2205,43,0,2
2205,0,44,2
2205,44,0,2
2205,0,45,2
2205,45,0,2
2205,0,46,2
2205,46,0,2
2205,0,47,2
2205,47,0,2
2205,0,48,2
2205,48,0,2
2205,0,49,2
2205,49,0,2
2205,0,50,2
2205,50,0,2
2205,0,51,2
2205,51,0,2
2205,0,52,2
2205,52,0,2
2205,0,53,2
2205,53,0,2
2205,0,54,2
2205,54,0,2
2205,0,55,2
2205,55,0,2
2205,0,56,2
2205,56,0,2
2205,0,57,2
2205,57,0,2
2205,0,58,2
2205,58,0,2
2205,0,59,2
2205,59,0,2
2205,0,60,2
2205,60,0,2
2205,0,61,2
2205,61,0,2
2205,0,62,2
2205,62,0,2
2205,0,63,2
2205,63,0,2
2205,0,64,2
2205,64,0,2
2205,0,65,2
2205,65,0,2
2205,0,66,2
2205,66,0,2
2205,0,67,2
2205,67,0,2
2205,1,23,2
2205,23,1,2
2205,1,24,2
2205,24,1,2
2205,1,25,2
2205,25,1,2
2205,1,26,2
2205,26,1,2
2205,1,27,2
2205,27,1,2
2205,1,28,2
2205,28,1,2
2205,1,29,2
2205,29,1,2
2205,1,30,2
2205,30,1,2
2205,1,31,2
2205,31,1,2
2205,1,32,2
2205,32,1,2
2205,1,33,2
2205,33,1,2
2205,1,34,2
2205,34,1,2
2205,1,35,2
2205,35,1,2
2205,1,36,2
2205,36,1,2
2205,1,37,2
2205,37,1,2
2205,1,38,2
2205,38,1,2
2205,1,39,2
2205,39,1,2
2205,1,40,2
2205,40,1,2
2205,1,41,2
2205,41,1,2
2205,1,42,2
2205,42,1,2
2205,1,43,2
2205,43,1,2
2205,1,44,2
2205,44,1,2
2205,1,45,2
2205,45,1,2
2205,1,46,2
2205,46,1,2
2205,1,47,2
2205,47,1,2
2205,1,48,2
2205,48,1,2
2205,1,49,2
2205,49,1,2
2205,1,50,2
2205,50,1,2
2205,1,51,2
2205,51,1,2
2205,1,52,2
2205,52,1,2
2205,1,53,2
2205,53,1,2
2205,1,54,2
2205,54,1,2
2205,1,55,2
2205,55,1,2
2205,1,56,2
2205,56,1,2
2205,1,57,2
2205,57,1,2
2205,1,58,2
2205,58,1,2
2205,1,59,2
2205,59,1,2
2205,1,60,2
2205,60,1,2
2205,1,61,2
2205,61,1,2
2205,1,62,2
2205,62,1,2
2205,1,63,2
2205,63,1,2
2205,1,64,2
2205,64,1,2
2205,1,65,2
2205,65,1,2
2205,1,66,2
2205,66,1,2
2205,1,67,2
2205,67,1,2
2205,2,23,2
2205,23,2,2
2205,2,24,2
2205,24,2,2
2205,2,25,2
2205,25,2,2
2205,2,26,2
2205,26,2,2
2205,2,27,2
2205,27,2,2
2205,2,28,2
2205,28,2,2
2205,2,29,2
2205,29,2,2
2205,2,30,2
2205,30,2,2
2205,2,31,2
2205,31,2,2
2205,2,32,2
2205,32,2,2
2205,2,33,2
2205,33,2,2
2205,2,34,2
2205,34,2,2
2205,2,35,2
2205,35,2,2
2205,2,36,2
2205,36,2,2
2205,2,37,2
2205,37,2,2
2205,2,38,2
2205,38,2,2
2205,2,39,2
2205,39,2,2
2205,2,40,2
2205,40,2,2
2205,2,41,2
2205,41,2,2
2205,2,42,2
2205,42,2,2
2205,2,43,2
2205,43,2,2
2205,2,44,2
2205,44,2,2
2205,2,45,2
2205,45,2,2
2205,2,46,2
2205,46,2,2
2205,2,47,5
2205,47,2,5
2205,2,48,2
2205,48,2,2
2205,2,49,2
2205,49,2,2
2205,2,50,2
2205,50,2,2
2205,2,51,2
2205,51,2,2
2205,2,52,2
2205,52,2,2
2205,2,53,2
2205,53,2,2
2205,2,54,2
2205,54,2,2
2205,2,55,2
2205,55,2,2
2205,2,56,2
2205,56,2,2
2205,2,57,2
2205,57,2,2
2205,2,58,2
2205,58,2,2
2205,2,59,2
2205,59,2,2
2205,2,60,2
2205,60,2,2
2205,2,61,2
2205,61,2,2
2205,2,62,2
2205,62,2,2
2205,2,63,2
2205,63,2,2
2205,2,64,2
2205,64,2,2
2205,2,65,2
2205,65,2,2
2205,2,66,2
2205,66,2,2
2205,2,67,2
2205,67,2,2
2205,3,23,2
2205,23,3,2
2205,3,24,2
2205,24,3,2
2205,3,25,2
2205,25,3,2
2205,3,26,2
2205,26,3,2
2205,3,27,2
2205,27,3,2
2205,3,28,2
2205,28,3,2
2205,3,29,2
2205,29,3,2
2205,3,30,2
2205,30,3,2
2205,3,31,2
2205,31,3,2
2205,3,32,2
2205,32,3,2
2205,3,33,2
2205,33,3,2
2205,3,34,2
2205,34,3,2
2205,3,35,2
2205,35,3,2
2205,3,36,2
2205,36,3,2
2205,3,37,2
2205,37,3,2
2205,3,38,2
2205,38,3,2
2205,3,39,2
2205,39,3,2
2205,3,40,2
2205,40,3,2
2205,3,41,2
2205,41,3,2
2205,3,42,2
2205,42,3,2
2205,3,43,2
2205,43,3,2
2205,3,44,2
2205,44,3,2
2205,3,45,2
2205,45,3,2
2205,3,46,2
2205,46,3,2
2205,3,47,2
2205,47,3,2
2205,3,48,3
2205,48,3,3
2205,3,49,2
2205,49,3,2
2205,3,50,2
2205,50,3,2
2205,3,51,2
2205,51,3,2
2205,3,52,2
2205,52,3,2
2205,3,53,2
2205,53,3,2
2205,3,54,2
2205,54,3,2
2205,3,55,2
2205,55,3,2
2205,3,56,2
2205,56,3,2
2205,3,57,2
2205,57,3,2
2205,3,58,2
2205,58,3,2
2205,3,59,2
2205,59,3,2
2205,3,60,2
2205,60,3,2
2205,3,61,2
2205,61,3,2
2205,3,62,2
2205,62,3,2
2205,3,63,2
2205,63,3,2
2205,3,64,2
2205,64,3,2
2205,3,65,2
2205,65,3,2
2205,3,66,2
2205,66,3,2
2205,3,67,2
2205,67,3,2
2205,4,23,2
2205,23,4,2
2205,4,24,2
2205,24,4,2
2205,4,25,2
2205,25,4,2
2205,4,26,2
2205,26,4,2
2205,4,27,2
2205,27,4,2
2205,4,28,2
2205,28,4,2
2205,4,29,2
2205,29,4,2
2205,4,30,2
2205,30,4,2
2205,4,31,2
2205,31,4,2
2205,4,32,2
2205,32,4,2
2205,4,33,2
2205,33,4,2
2205,4,34,2
2205,34,4,2
2205,4,35,2
2205,35,4,2
2205,4,36,2
2205,36,4,2
2205,4,37,2
2205,37,4,2
2205,4,38,2
2205,38,4,2
2205,4,39,2
2205,39,4,2
2205,4,40,2
2205,40,4,2
2205,4,41,2
2205,41,4,2
2205,4,42,2
2205,42,4,2
2205,4,43,2
2205,43,4,2
2205,4,44,2
2205,44,4,2
2205,4,45,2
2205,45,4,2
2205,4,46,2
2205,46,4,2
2205,4,47,2
2205,47,4,2
2205,4,48,2
2205,48,4,2
2205,4,49,3
2205,49,4,3
2205,4,50,2
2205,50,4,2
2205,4,51,2
2205,51,4,2
2205,4,52,2
2205,52,4,2
2205,4,53,2
2205,53,4,2
2205,4,54,2
2205,54,4,2
2205,4,55,2
2205,55,4,2
2205,4,56,2
2205,56,4,2
2205,4,57,2
2205,57,4,2
2205,4,58,2
2205,58,4,2
2205,4,59,2
2205,59,4,2
2205,4,60,2
2205,60,4,2
2205,4,61,2
2205,61,4,2
2205,4,62,2
2205,62,4,2
2205,4,63,2
2205,63,4,2
2205,4,64,2
2205,64,4,2
2205,4,65,2
2205,65,4,2
2205,4,66,2
2205,66,4,2
2205,4,67,2
2205,67,4,2
2205,5,23,2
2205,23,5,2
2205,5,24,2
2205,24,5,2
2205,5,25,2
2205,25,5,2
2205,5,26,2
2205,26,5,2
2205,5,27,2
2205,27,5,2
2205,5,28,2
2205,28,5,2
2205,5,29,2
2205,29,5,2
2205,5,30,2
2205,30,5,2
2205,5,31,2
2205,31,5,2
2205,5,32,2
2205,32,5,2
2205,5,33,2
2205,33,5,2
2205,5,34,2
2205,34,5,2
2205,5,35,2
2205,35,5,2
2205,5,36,2
2205,36,5,2
2205,5,37,2
2205,37,5,2
2205,5,38,2
2205,38,5,2
2205,5,39,2
2205,39,5,2
2205,5,40,2
2205,40,5,2
2205,5,41,2
2205,41,5,2
2205,5,42,2
2205,42,5,2
2205,5,43,2
2205,43,5,2
2205,5,44,2
2205,44,5,2
2205,5,45,2
2205,45,5,2
2205,5,46,2
2205,46,5,2
2205,5,47,2
2205,47,5,2
2205,5,48,2
2205,48,5,2
2205,5,49,2
2205,49,5,2
2205,5,50,3
2205,50,5,3
2205,5,51,2
2205,51,5,2
2205,5,52,2
2205,52,5,2
2205,5,53,2
2205,53,5,2
2205,5,54,2
2205,54,5,2
2205,5,55,2
2205,55,5,2
2205,5,56,2
2205,56,5,2
2205,5,57,2
2205,57,5,2
2205,5,58,2
2205,58,5,2
2205,5,59,2
2205,59,5,2
2205,5,60,2
2205,60,5,2
2205,5,61,2
2205,61,5,2
2205,5,62,2
2205,62,5,2
2205,5,63,2
2205,63,5,2
2205,5,64,2
2205,64,5,2
2205,5,65,2
2205,65,5,2
2205,5,66,2
2205,66,5,2
2205,5,67,2
2205,67,5,2
2205,6,23,3
2205,23,6,3
2205,6,24,2
2205,24,6,2
2205,6,25,2
2205,25,6,2
2205,6,26,2
2205,26,6,2
2205,6,27,2
2205,27,6,2
2205,6,28,2
2205,28,6,2
2205,6,29,2
2205,29,6,2
2205,6,30,2
2205,30,6,2
2205,6,31,2
2205,31,6,2
2205,6,32,2
2205,32,6,2
2205,6,33,2
2205,33,6,2
2205,6,34,2
2205,34,6,2
2205,6,35,2
2205,35,6,2
2205,6,36,2
2205,36,6,2
2205,6,37,2
2205,37,6,2
2205,6,38,2
2205,38,6,2
2205,6,39,2
2205,39,6,2
2205,6,40,2
2205,40,6,2
2205,6,41,2
2205,41,6,2
2205,6,42,2
2205,42,6,2
2205,6,43,2
2205,43,6,2
2205,6,44,2
2205,44,6,2
2205,6,45,2
2205,45,6,2
2205,6,46,2
2205,46,6,2
2205,6,47,2
2205,47,6,2
2205,6,48,2
2205,48,6,2
2205,6,49,2
2205,49,6,2
2205,6,50,2
2205,50,6,2
2205,6,51,3
2205,51,6,3
2205,6,52,2
2205,52,6,2
2205,6,53,2
2205,53,6,2
2205,6,54,2
2205,54,6,2
2205,6,55,2
2205,55,6,2
2205,6,56,2
2205,56,6,2
2205,6,57,2
2205,57,6,2
2205,6,58,2
2205,58,6,2
2205,6,59,2
2205,59,6,2
2205,6,60,2
2205,60,6,2
2205,6,61,2
2205,61,6,2
2205,6,62,2
2205,62,6,2
2205,6,63,2
2205,63,6,2
2205,6,64,2
2205,64,6,2
2205,6,65,2
2205,65,6,2
2205,6,66,2
2205,66,6,2
2205,6,67,2
2205,67,6,2
2205,7,23,2
2205,23,7,2
2205,7,24,3
2205,24,7,3
2205,7,25,2
2205,25,7,2
2205,7,26,2
2205,26,7,2
2205,7,27,2
2205,27,7,2
2205,7,28,2
2205,28,7,2
2205,7,29,2
2205,29,7,2
2205,7,30,2
2205,30,7,2
2205,7,31,2
2205,31,7,2
2205,7,32,2
2205,32,7,2
2205,7,33,2
2205,33,7,2
2205,7,34,2
2205,34,7,2
2205,7,35,2
2205,35,7,2
2205,7,36,2
2205,36,7,2
2205,7,37,2
2205,37,7,2
2205,7,38,2
2205,38,7,2
2205,7,39,2
2205,39,7,2
2205,7,40,2
2205,40,7,2
2205,7,41,2
2205,41,7,2
2205,7,42,2
2205,42,7,2
2205,7,43,2
2205,43,7,2
2205,7,44,2
2205,44,7,2
2205,7,45,2
2205,45,7,2
2205,7,46,2
2205,46,7,2
2205,7,47,2
2205,47,7,2
2205,7,48,2
2205,48,7,2
2205,7,49,2
2205,49,7,2
2205,7,50,2
2205,50,7,2
2205,7,51,2
2205,51,7,2
2205,7,52,3
2205,52,7,3
2205,7,53,2
2205,53,7,2
2205,7,54,2
2205,54,7,2
2205,7,55,2
2205,55,7,2
2205,7,56,2
2205,56,7,2
2205,7,57,2
2205,57,7,2
2205,7,58,2
2205,58,7,2
2205,7,59,2
2205,59,7,2
2205,7,60,2
2205,60,7,2
2205,7,61,2
2205,61,7,2
2205,7,62,2
2205,62,7,2
2205,7,63,2
2205,63,7,2
2205,7,64,2
2205,64,7,2
2205,7,65,2
2205,65,7,2
2205,7,66,2
2205,66,7,2
2205,7,67,2
2205,67,7,2
2205,8,23,2
2205,23,8,2
2205,8,24,2
2205,24,8,2
2205,8,25,3
2205,25,8,3
2205,8,26,2
2205,26,8,2
2205,8,27,2
2205,27,8,2
2205,8,28,2
2205,28,8,2
2205,8,29,2
2205,29,8,2
2205,8,30,2
2205,30,8,2
2205,8,31,2
2205,31,8,2
2205,8,32,2
2205,32,8,2
2205,8,33,2
2205,33,8,2
2205,8,34,2
2205,34,8,2
2205,8,35,2
2205,35,8,2
2205,8,36,2
2205,36,8,2
2205,8,37,2
2205,37,8,2
2205,8,38,2
2205,38,8,2
2205,8,39,2
2205,39,8,2
2205,8,40,2
2205,40,8,2
2205,8,41,2
2205,41,8,2
2205,8,42,2
2205,42,8,2
2205,8,43,2
2205,43,8,2
2205,8,44,2
2205,44,8,2
2205,8,45,2
2205,45,8,2
2205,8,46,2
2205,46,8,2
2205,8,47,2
2205,47,8,2
2205,8,48,2
2205,48,8,2
2205,8,49,2
2205,49,8,2
2205,8,50,2
2205,50,8,2
2205,8,51,2
2205,51,8,2
2205,8,52,2
2205,52,8,2
2205,8,53,3
2205,53,8,3
2205,8,54,2
2205,54,8,2
2205,8,55,2
2205,55,8,2
2205,8,56,2
2205,56,8,2
2205,8,57,2
2205,57,8,2
2205,8,58,2
2205,58,8,2
2205,8,59,2
2205,59,8,2
2205,8,60,2
2205,60,8,2
2205,8,61,2
2205,61,8,2
2205,8,62,2
2205,62,8,2
2205,8,63,2
2205,63,8,2
2205,8,64,2
2205,64,8,2
2205,8,65,2
2205,65,8,2
2205,8,66,2
2205,66,8,2
2205,8,67,2
2205,67,8,2
2205,9,23,2
2205,23,9,2
2205,9,24,2
2205,24,9,2
2205,9,25,2
2205,25,9,2
2205,9,26,3
2205,26,9,3
2205,9,27,2
2205,27,9,2
2205,9,28,2
2205,28,9,2
2205,9,29,2
2205,29,9,2
2205,9,30,2
2205,30,9,2
2205,9,31,2
2205,31,9,2
2205,9,32,2
2205,32,9,2
2205,9,33,2
2205,33,9,2
2205,9,34,2
2205,34,9,2
2205,9,35,2
2205,35,9,2
2205,9,36,2
2205,36,9,2
2205,9,37,2
2205,37,9,2
2205,9,38,2
2205,38,9,2
2205,9,39,2
2205,39,9,2
2205,9,40,2
2205,40,9,2
2205,9,41,2
2205,41,9,2
2205,9,42,2
2205,42,9,2
2205,9,43,2
2205,43,9,2
2205,9,44,2
2205,44,9,2
2205,9,45,2
2205,45,9,2
2205,9,46,2
2205,46,9,2
2205,9,47,2
2205,47,9,2
2205,9,48,2
2205,48,9,2
2205,9,49,2
2205,49,9,2
2205,9,50,2
2205,50,9,2
2205,9,51,2
2205,51,9,2
2205,9,52,2
2205,52,9,2
2205,9,53,2
2205,53,9,2
2205,9,54,3
2205,54,9,3
2205,9,55,2
2205,55,9,2
2205,9,56,2
2205,56,9,2
2205,9,57,2
2205,57,9,2
2205,9,58,2
2205,58,9,2
2205,9,59,2
2205,59,9,2
2205,9,60,2
2205,60,9,2
2205,9,61,2
2205,61,9,2
2205,9,62,2
2205,62,9,2
2205,9,63,2
2205,63,9,2
2205,9,64,2
2205,64,9,2
2205,9,65,2
2205,65,9,2
2205,9,66,2
2205,66,9,2
2205,9,67,2
2205,67,9,2
2205,10,23,2
2205,23,10,2
2205,10,24,2
2205,24,10,2
2205,10,25,2
2205,25,10,2
2205,10,26,2
2205,26,10,2
2205,10,27,3
2205,27,10,3
2205,10,28,2
2205,28,10,2
2205,10,29,2
2205,29,10,2
2205,10,30,2
2205,30,10,2
2205,10,31,2
2205,31,10,2
2205,10,32,2
2205,32,10,2
2205,10,33,2
2205,33,10,2
2205,10,34,2
2205,34,10,2
2205,10,35,2
2205,35,10,2
2205,10,36,2
2205,36,10,2
2205,10,37,2
2205,37,10,2
2205,10,38,2
2205,38,10,2
2205,10,39,2
2205,39,10,2
2205,10,40,2
2205,40,10,2
2205,10,41,2
2205,41,10,2
2205,10,42,2
2205,42,10,2
2205,10,43,2
2205,43,10,2
2205,10,44,2
2205,44,10,2
2205,10,45,2
2205,45,10,2
2205,10,46,2
2205,46,10,2
2205,10,47,2
2205,47,10,2
2205,10,48,2
2205,48,10,2
2205,10,49,2
2205,49,10,2
2205,10,50,2
2205,50,10,2
2205,10,51,2
2205,51,10,2
2205,10,52,2
2205,52,10,2
2205,10,53,2
2205,53,10,2
2205,10,54,2
2205,54,10,2
2205,10,55,3
2205,55,10,3
2205,10,56,2
2205,56,10,2
2205,10,57,2
2205,57,10,2
2205,10,58,2
2205,58,10,2
2205,10,59,2
2205,59,10,2
2205,10,60,2
2205,60,10,2
2205,10,61,2
2205,61,10,2
2205,10,62,2
2205,62,10,2
2205,10,63,2
2205,63,10,2
2205,10,64,2
2205,64,10,2
2205,10,65,2
2205,65,10,2
2205,10,66,2
2205,66,10,2
2205,10,67,2
2205,67,10,2
2205,11,23,2
2205,23,11,2
2205,11,24,2
2205,24,11,2
2205,11,25,2
2205,25,11,2
2205,11,26,2
2205,26,11,2
2205,11,27,2
2205,27,11,2
2205,11,28,3
2205,28,11,3
2205,11,29,2
2205,29,11,2
2205,11,30,2
2205,30,11,2
2205,11,31,2
2205,31,11,2
2205,11,32,2
2205,32,11,2
2205,11,33,2
2205,33,11,2
2205,11,34,2
2205,34,11,2
2205,11,35,2
2205,35,11,2
2205,11,36,2
2205,36,11,2
2205,11,37,2
2205,37,11,2
2205,11,38,2
2205,38,11,2
2205,11,39,2
2205,39,11,2
2205,11,40,2
2205,40,11,2
2205,11,41,2
2205,41,11,2
2205,11,42,2
2205,42,11,2
2205,11,43,2
2205,43,11,2
2205,11,44,2
2205,44,11,2
2205,11,45,2
2205,45,11,2
2205,11,46,2
2205,46,11,2
2205,11,47,2
2205,47,11,2
2205,11,48,2
2205,48,11,2
2205,11,49,2
2205,49,11,2
2205,11,50,2
2205,50,11,2
2205,11,51,2
2205,51,11,2
2205,11,52,2
2205,52,11,2
2205,11,53,2
2205,53,11,2
2205,11,54,2
2205,54,11,2
2205,11,55,2
2205,55,11,2
2205,11,56,3
2205,56,11,3
2205,11,57,2
2205,57,11,2
2205,11,58,2
2205,58,11,2
2205,11,59,2
2205,59,11,2
2205,11,60,2
2205,60,11,2
2205,11,61,2
2205,61,11,2
2205,11,62,2
2205,62,11,2
2205,11,63,2
2205,63,11,2
2205,11,64,2
2205,64,11,2
2205,11,65,2
2205,65,11,2
2205,11,66,2
2205,66,11,2
2205,11,67,2
2205,67,11,2
2205,12,23,2
2205,23,12,2
2205,12,24,2
2205,24,12,2
2205,12,25,2
2205,25,12,2
2205,12,26,2
2205,26,12,2
2205,12,27,2
2205,27,12,2
2205,12,28,2
2205,28,12,2
2205,12,29,6
2205,29,12,6
2205,12,30,2
2205,30,12,2
2205,12,31,2
2205,31,12,2
2205,12,32,2
2205,32,12,2
2205,12,33,2
2205,33,12,2
2205,12,34,2
2205,34,12,2
2205,12,35,2
2205,35,12,2
2205,12,36,2
2205,36,12,2
2205,12,37,2
2205,37,12,2
2205,12,38,2
2205,38,12,2
2205,12,39,2
2205,39,12,2
2205,12,40,2
2205,40,12,2
2205,12,41,2
2205,41,12,2
2205,12,42,2
2205,42,12,2
2205,12,43,2
2205,43,12,2
2205,12,44,2
2205,44,12,2
2205,12,45,2
2205,45,12,2
2205,12,46,2
2205,46,12,2
2205,12,47,2
2205,47,12,2
2205,12,48,2
2205,48,12,2
2205,12,49,2
2205,49,12,2
2205,12,50,2
2205,50,12,2
2205,12,51,2
2205,51,12,2
2205,12,52,2
2205,52,12,2
2205,12,53,2
2205,53,12,2
2205,12,54,2
2205,54,12,2
2205,12,55,2
2205,55,12,2
2205,12,56,2
2205,56,12,2
2205,12,57,6
2205,57,12,6
2205,12,58,2
2205,58,12,2
2205,12,59,2
2205,59,12,2
2205,12,60,2
2205,60,12,2
2205,12,61,2
2205,61,12,2
2205,12,62,2
2205,62,12,2
2205,12,63,2
2205,63,12,2
2205,12,64,2
2205,64,12,2
2205,12,65,2
2205,65,12,2
2205,12,66,2
2205,66,12,2
2205,12,67,2
2205,67,12,2
2205,13,23,2
2205,23,13,2
2205,13,24,2
2205,24,13,2
2205,13,25,2
2205,25,13,2
2205,13,26,2
2205,26,13,2
2205,13,27,2
2205,27,13,2
2205,13,28,2
2205,28,13,2
2205,13,29,2
2205,29,13,2
2205,13,30,2
2205,30,13,2
2205,13,31,2
2205,31,13,2
2205,13,32,2
2205,32,13,2
2205,13,33,2
2205,33,13,2
2205,13,34,2
2205,34,13,2
2205,13,35,2
2205,35,13,2
2205,13,36,2
2205,36,13,2
2205,13,37,2
2205,37,13,2
2205,13,38,2
2205,38,13,2
2205,13,39,2
2205,39,13,2
2205,13,40,2
2205,40,13,2
2205,13,41,2
2205,41,13,2
2205,13,42,2
2205,42,13,2
2205,13,43,2
2205,43,13,2
2205,13,44,2
2205,44,13,2
2205,13,45,2
2205,45,13,2
2205,13,46,2
2205,46,13,2
2205,13,47,2
2205,47,13,2
2205,13,48,2
2205,48,13,2
2205,13,49,2
2205,49,13,2
2205,13,50,2
2205,50,13,2
2205,13,51,2
2205,51,13,2
2205,13,52,2
2205,52,13,2
2205,13,53,2
2205,53,13,2
2205,13,54,2
2205,54,13,2
2205,13,55,2
2205,55,13,2
2205,13,56,2
2205,56,13,2
2205,13,57,2
2205,57,13,2
2205,13,58,2
2205,58,13,2
2205,13,59,2
2205,59,13,2
2205,13,60,2
2205,60,13,2
2205,13,61,2
2205,61,13,2
2205,13,62,2
2205,62,13,2
2205,13,63,2
2205,63,13,2
2205,13,64,2
2205,64,13,2
2205,13,65,2
2205,65,13,2
2205,13,66,2
2205,66,13,2
2205,13,67,2
2205,67,13,2
2205,14,23,2
2205,23,14,2
2205,14,24,2
2205,24,14,2
2205,14,25,2
2205,25,14,2
2205,14,26,2
2205,26,14,2
2205,14,27,2
2205,27,14,2
2205,14,28,2
2205,28,14,2
2205,14,29,2
2205,29,14,2
2205,14,30,2
2205,30,14,2
2205,14,31,2
2205,31,14,2
2205,14,32,2
2205,32,14,2
2205,14,33,2
2205,33,14,2
2205,14,34,2
2205,34,14,2
2205,14,35,2
2205,35,14,2
2205,14,36,2
2205,36,14,2
2205,14,37,2
2205,37,14,2
2205,14,38,2
2205,38,14,2
2205,14,39,2
2205,39,14,2
2205,14,40,2
2205,40,14,2
2205,14,41,2
2205,41,14,2
2205,14,42,2
2205,42,14,2
2205,14,43,2
2205,43,14,2
2205,14,44,2
2205,44,14,2
2205,14,45,2
2205,45,14,2
2205,14,46,2
2205,46,14,2
2205,14,47,2
2205,47,14,2
2205,14,48,2
2205,48,14,2
2205,14,49,2
2205,49,14,2
2205,14,50,2
2205,50,14,2
2205,14,51,2
2205,51,14,2
2205,14,52,2
2205,52,14,2
2205,14,53,2
2205,53,14,2
2205,14,54,2
2205,54,14,2
2205,14,55,2
2205,55,14,2
2205,14,56,2
2205,56,14,2
2205,14,57,2
2205,57,14,2
2205,14,58,2
2205,58,14,2
2205,14,59,2
2205,59,14,2
2205,14,60,2
2205,60,14,2
2205,14,61,2
2205,61,14,2
2205,14,62,2
2205,62,14,2
2205,14,63,2
2205,63,14,2
2205,14,64,2
2205,64,14,2
2205,14,65,2
2205,65,14,2
2205,14,66,2
2205,66,14,2
2205,14,67,2
2205,67,14,2
2205,15,23,2
2205,23,15,2
2205,15,24,2
2205,24,15,2
2205,15,25,2
2205,25,15,2
2205,15,26,2
2205,26,15,2
2205,15,27,2
2205,27,15,2
2205,15,28,2
2205,28,15,2
2205,15,29,2
2205,29,15,2
2205,15,30,2
2205,30,15,2
2205,15,31,2
2205,31,15,2
2205,15,32,2
2205,32,15,2
2205,15,33,2
2205,33,15,2
2205,15,34,2
2205,34,15,2
2205,15,35,2
2205,35,15,2
2205,15,36,2
2205,36,15,2
2205,15,37,2
2205,37,15,2
2205,15,38,2
2205,38,15,2
2205,15,39,2
2205,39,15,2
2205,15,40,2
2205,40,15,2
2205,15,41,2
2205,41,15,2
2205,15,42,2
2205,42,15,2
2205,15,43,2
2205,43,15,2
2205,15,44,2
2205,44,15,2
2205,15,45,2
2205,45,15,2
2205,15,46,2
2205,46,15,2
2205,15,47,2
2205,47,15,2
2205,15,48,2
2205,48,15,2
2205,15,49,2
2205,49,15,2
2205,15,50,2
2205,50,15,2
2205,15,51,2
2205,51,15,2
2205,15,52,2
2205,52,15,2
2205,15,53,2
2205,53,15,2
2205,15,54,2
2205,54,15,2
2205,15,55,2
2205,55,15,2
2205,15,56,2
2205,56,15,2
2205,15,57,2
2205,57,15,2
2205,15,58,2
2205,58,15,2
2205,15,59,2
2205,59,15,2
2205,15,60,2
2205,60,15,2
2205,15,61,2
2205,61,15,2
2205,15,62,2
2205,62,15,2
2205,15,63,2
2205,63,15,2
2205,15,64,2
2205,64,15,2
2205,15,65,2
2205,65,15,2
2205,15,66,2
2205,66,15,2
2205,15,67,2
2205,67,15,2
2205,16,23,2
2205,23,16,2
2205,16,24,2
2205,24,16,2
2205,16,25,2
2205,25,16,2
2205,16,26,2
2205,26,16,2
2205,16,27,2
2205,27,16,2
2205,16,28,2
2205,28,16,2
2205,16,29,2
2205,29,16,2
2205,16,30,2
2205,30,16,2
2205,16,31,2
2205,31,16,2
2205,16,32,2
2205,32,16,2
2205,16,33,2
2205,33,16,2
2205,16,34,2
2205,34,16,2
2205,16,35,2
2205,35,16,2
2205,16,36,2
2205,36,16,2
2205,16,37,2
2205,37,16,2
2205,16,38,2
2205,38,16,2
2205,16,39,2
2205,39,16,2
2205,16,40,2
2205,40,16,2
2205,16,41,2
2205,41,16,2
2205,16,42,2
2205,42,16,2
2205,16,43,2
2205,43,16,2
2205,16,44,2
2205,44,16,2
2205,16,45,2
2205,45,16,2
2205,16,46,2
2205,46,16,2
2205,16,47,2
2205,47,16,2
2205,16,48,2
2205,48,16,2
2205,16,49,2
2205,49,16,2
2205,16,50,2
2205,50,16,2
2205,16,51,2
2205,51,16,2
2205,16,52,2
2205,52,16,2
2205,16,53,2
2205,53,16,2
2205,16,54,2
2205,54,16,2
2205,16,55,2
2205,55,16,2
2205,16,56,2
2205,56,16,2
2205,16,57,2
2205,57,16,2
2205,16,58,2
2205,58,16,2
2205,16,59,2
2205,59,16,2
2205,16,60,2
2205,60,16,2
2205,16,61,2
2205,61,16,2
2205,16,62,2
2205,62,16,2
2205,16,63,2
2205,63,16,2
2205,16,64,2
2205,64,16,2
2205,16,65,2
2205,65,16,2
2205,16,66,2
2205,66,16,2
2205,16,67,2
2205,67,16,2
2205,17,23,2
2205,23,17,2
2205,17,24,2
2205,24,17,2
2205,17,25,2
2205,25,17,2
2205,17,26,2
2205,26,17,2
2205,17,27,2
2205,27,17,2
2205,17,28,2
2205,28,17,2
2205,17,29,2
2205,29,17,2
2205,17,30,2
2205,30,17,2
2205,17,31,2
2205,31,17,2
2205,17,32,2
2205,32,17,2
2205,17,33,2
2205,33,17,2
2205,17,34,2
2205,34,17,2
2205,17,35,2
2205,35,17,2
2205,17,36,2
2205,36,17,2
2205,17,37,2
2205,37,17,2
2205,17,38,2
2205,38,17,2
2205,17,39,2
2205,39,17,2
2205,17,40,2
2205,40,17,2
2205,17,41,2
2205,41,17,2
2205,17,42,2
2205,42,17,2
2205,17,43,2
2205,43,17,2
2205,17,44,2
2205,44,17,2
2205,17,45,2
2205,45,17,2
2205,17,46,2
2205,46,17,2
2205,17,47,2
2205,47,17,2
2205,17,48,2
2205,48,17,2
2205,17,49,2
2205,49,17,2
2205,17,50,2
2205,50,17,2
2205,17,51,2
2205,51,17,2
2205,17,52,2
2205,52,17,2
2205,17,53,2
2205,53,17,2
2205,17,54,2
2205,54,17,2
2205,17,55,2
2205,55,17,2
2205,17,56,2
2205,56,17,2
2205,17,57,2
2205,57,17,2
2205,17,58,2
2205,58,17,2
2205,17,59,2
2205,59,17,2
2205,17,60,2
2205,60,17,2
2205,17,61,2
2205,61,17,2
2205,17,62,2
2205,62,17,2
2205,17,63,2
2205,63,17,2
2205,17,64,2
2205,64,17,2
2205,17,65,2
2205,65,17,2
2205,17,66,2
2205,66,17,2
2205,17,67,2
2205,67,17,2
2205,18,23,2
2205,23,18,2
2205,18,24,2
2205,24,18,2
2205,18,25,2
2205,25,18,2
2205,18,26,2
2205,26,18,2
2205,18,27,2
2205,27,18,2
2205,18,28,2
2205,28,18,2
2205,18,29,2
2205,29,18,2
2205,18,30,2
2205,30,18,2
2205,18,31,2
2205,31,18,2
2205,18,32,2
2205,32,18,2
2205,18,33,2
2205,33,18,2
2205,18,34,2
2205,34,18,2
2205,18,35,2
2205,35,18,2
2205,18,36,2
2205,36,18,2
2205,18,37,2
2205,37,18,2
2205,18,38,2
2205,38,18,2
2205,18,39,2
2205,39,18,2
2205,18,40,2
2205,40,18,2
2205,18,41,2
2205,41,18,2
2205,18,42,2
2205,42,18,2
2205,18,43,2
2205,43,18,2
2205,18,44,2
2205,44,18,2
2205,18,45,2
2205,45,18,2
2205,18,46,2
2205,46,18,2
2205,18,47,2
2205,47,18,2
2205,18,48,2
2205,48,18,2
2205,18,49,2
2205,49,18,2
2205,18,50,2
2205,50,18,2
2205,18,51,2
2205,51,18,2
2205,18,52,2
2205,52,18,2
2205,18,53,2
2205,53,18,2
2205,18,54,2
2205,54,18,2
2205,18,55,2
2205,55,18,2
2205,18,56,2
2205,56,18,2
2205,18,57,2
2205,57,18,2
2205,18,58,2
2205,58,18,2
2205,18,59,2
2205,59,18,2
2205,18,60,2
2205,60,18,2
2205,18,61,2
2205,61,18,2
2205,18,62,2
2205,62,18,2
2205,18,63,2
2205,63,18,2
2205,18,64,2
2205,64,18,2
2205,18,65,2
2205,65,18,2
2205,18,66,2
2205,66,18,2
2205,18,67,2
2205,67,18,2
2205,19,23,2
2205,23,19,2
2205,19,24,2
2205,24,19,2
2205,19,25,2
2205,25,19,2
2205,19,26,2
2205,26,19,2
2205,19,27,2
2205,27,19,2
2205,19,28,2
2205,28,19,2
2205,19,29,2
2205,29,19,2
2205,19,30,2
2205,30,19,2
2205,19,31,2
2205,31,19,2
2205,19,32,2
2205,32,19,2
2205,19,33,2
2205,33,19,2
2205,19,34,2
2205,34,19,2
2205,19,35,2
2205,35,19,2
2205,19,36,2
2205,36,19,2
2205,19,37,2
2205,37,19,2
2205,19,38,2
2205,38,19,2
2205,19,39,2
2205,39,19,2
2205,19,40,2
2205,40,19,2
2205,19,41,2
2205,41,19,2
2205,19,42,2
2205,42,19,2
2205,19,43,2
2205,43,19,2
2205,19,44,2
2205,44,19,2
2205,19,45,2
2205,45,19,2
2205,19,46,2
2205,46,19,2
2205,19,47,2
2205,47,19,2
2205,19,48,2
2205,48,19,2
2205,19,49,2
2205,49,19,2
2205,19,50,2
2205,50,19,2
2205,19,51,2
2205,51,19,2
2205,19,52,2
2205,52,19,2
2205,19,53,2
2205,53,19,2
2205,19,54,2
2205,54,19,2
2205,19,55,2
2205,55,19,2
2205,19,56,2
2205,56,19,2
2205,19,57,2
2205,57,19,2
2205,19,58,2
2205,58,19,2
2205,19,59,2
2205,59,19,2
2205,19,60,2
2205,60,19,2
2205,19,61,2
2205,61,19,2
2205,19,62,2
2205,62,19,2
2205,19,63,2
2205,63,19,2
2205,19,64,2
2205,64,19,2
2205,19,65,2
2205,65,19,2
2205,19,66,2
2205,66,19,2
2205,19,67,2
2205,67,19,2
2205,20,23,2
2205,23,20,2
2205,20,24,2
2205,24,20,2
2205,20,25,2
2205,25,20,2
2205,20,26,2
2205,26,20,2
2205,20,27,2
2205,27,20,2
2205,20,28,2
2205,28,20,2
2205,20,29,2
2205,29,20,2
2205,20,30,2
2205,30,20,2
2205,20,31,2
2205,31,20,2
2205,20,32,2
2205,32,20,2
2205,20,33,2
2205,33,20,2
2205,20,34,2
2205,34,20,2
2205,20,35,2
2205,35,20,2
2205,20,36,2
2205,36,20,2
2205,20,37,2
2205,37,20,2
2205,20,38,2
2205,38,20,2
2205,20,39,2
2205,39,20,2
2205,20,40,2
2205,40,20,2
2205,20,41,2
2205,41,20,2
2205,20,42,2
2205,42,20,2
2205,20,43,2
2205,43,20,2
2205,20,44,2
2205,44,20,2
2205,20,45,2
2205,45,20,2
2205,20,46,2
2205,46,20,2
2205,20,47,2
2205,47,20,2
2205,20,48,2
2205,48,20,2
2205,20,49,2
2205,49,20,2
2205,20,50,2
2205,50,20,2
2205,20,51,2
2205,51,20,2
2205,20,52,2
2205,52,20,2
2205,20,53,2
2205,53,20,2
2205,20,54,2
2205,54,20,2
2205,20,55,2
2205,55,20,2
2205,20,56,2
2205,56,20,2
2205,20,57,2
2205,57,20,2
2205,20,58,2
2205,58,20,2
2205,20,59,2
2205,59,20,2
2205,20,60,2
2205,60,20,2
2205,20,61,2
2205,61,20,2
2205,20,62,2
2205,62,20,2
2205,20,63,2
2205,63,20,2
2205,20,64,2
2205,64,20,2
2205,20,65,2
2205,65,20,2
2205,20,66,2
2205,66,20,2
2205,20,67,2
2205,67,20,2
2205,21,23,2
2205,23,21,2
2205,21,24,2
2205,24,21,2
2205,21,25,2
2205,25,21,2
2205,21,26,2
2205,26,21,2
2205,21,27,2
2205,27,21,2
2205,21,28,2
2205,28,21,2
2205,21,29,2
2205,29,21,2
2205,21,30,2
2205,30,21,2
2205,21,31,2
2205,31,21,2
2205,21,32,2
2205,32,21,2
2205,21,33,2
2205,33,21,2
2205,21,34,2
2205,34,21,2
2205,21,35,2
2205,35,21,2
2205,21,36,2
2205,36,21,2
2205,21,37,2
2205,37,21,2
2205,21,38,2
2205,38,21,2
2205,21,39,2
2205,39,21,2
2205,21,40,2
2205,40,21,2
2205,21,41,2
2205,41,21,2
2205,21,42,2
2205,42,21,2
2205,21,43,2
2205,43,21,2
2205,21,44,2
2205,44,21,2
2205,21,45,2
2205,45,21,2
2205,21,46,2
2205,46,21,2
2205,21,47,2
2205,47,21,2
2205,21,48,2
2205,48,21,2
2205,21,49,2
2205,49,21,2
2205,21,50,2
2205,50,21,2
2205,21,51,2
2205,51,21,2
2205,21,52,2
2205,52,21,2
2205,21,53,2
2205,53,21,2
2205,21,54,2
2205,54,21,2
2205,21,55,2
2205,55,21,2
2205,21,56,2
2205,56,21,2
2205,21,57,2
2205,57,21,2
2205,21,58,2
2205,58,21,2
2205,21,59,2
2205,59,21,2
2205,21,60,2
2205,60,21,2
2205,21,61,2
2205,61,21,2
2205,21,62,2
2205,62,21,2
2205,21,63,2
2205,63,21,2
2205,21,64,2
2205,64,21,2
2205,21,65,2
2205,65,21,2
2205,21,66,2
2205,66,21,2
2205,21,67,2
2205,67,21,2
2205,22,23,2
2205,23,22,2
2205,22,24,2
2205,24,22,2
2205,22,25,2
2205,25,22,2
2205,22,26,2
2205,26,22,2
2205,22,27,2
2205,27,22,2
2205,22,28,2
2205,28,22,2
2205,22,29,2
2205,29,22,2
2205,22,30,2
2205,30,22,2
2205,22,31,2
2205,31,22,2
2205,22,32,2
2205,32,22,2
2205,22,33,2
2205,33,22,2
2205,22,34,2
2205,34,22,2
2205,22,35,2
2205,35,22,2
2205,22,36,2
2205,36,22,2
2205,22,37,2
2205,37,22,2
2205,22,38,2
2205,38,22,2
2205,22,39,2
2205,39,22,2
2205,22,40,2
2205,40,22,2
2205,22,41,2
2205,41,22,2
2205,22,42,2
2205,42,22,2
2205,22,43,2
2205,43,22,2
2205,22,44,2
2205,44,22,2
2205,22,45,2
2205,45,22,2
2205,22,46,2
2205,46,22,2
2205,22,47,2
2205,47,22,2
2205,22,48,2
2205,48,22,2
2205,22,49,2
2205,49,22,2
2205,22,50,2
2205,50,22,2
2205,22,51,2
2205,51,22,2
2205,22,52,2
2205,52,22,2
2205,22,53,2
2205,53,22,2
2205,22,54,2
2205,54,22,2
2205,22,55,2
2205,55,22,2
2205,22,56,2
2205,56,22,2
2205,22,57,2
2205,57,22,2
2205,22,58,2
2205,58,22,2
2205,22,59,2
2205,59,22,2
2205,22,60,2
2205,60,22,2
2205,22,61,2
2205,61,22,2
2205,22,62,2
2205,62,22,2
2205,22,63,2
2205,63,22,2
2205,22,64,2
2205,64,22,2
2205,22,65,2
2205,65,22,2
2205,22,66,2
2205,66,22,2
2205,22,67,2
2205,67,22,2
2205,23,0,2
2205,0,23,2
2205,23,1,2
2205,1,23,2
2205,23,2,2
2205,2,23,2
2205,23,3,2
2205,3,23,2
2205,23,4,2
2205,4,23,2
2205,23,5,2
2205,5,23,2
2205,23,6,3
2205,6,23,3
2205,23,7,2
2205,7,23,2
2205,23,8,2
2205,8,23,2
2205,23,9,2
2205,9,23,2
2205,23,10,2
2205,10,23,2
2205,23,11,2
2205,11,23,2
2205,23,12,2
2205,12,23,2
2205,23,13,2
2205,13,23,2
2205,23,14,2
2205,14,23,2
2205,23,15,2
2205,15,23,2
2205,23,16,2
2205,16,23,2
2205,23,17,2
2205,17,23,2
2205,23,18,2
2205,18,23,2
2205,23,19,2
2205,19,23,2
2205,23,20,2
2205,20,23,2
2205,23,21,2
2205,21,23,2
2205,23,22,2
2205,22,23,2
2205,23,40,2
2205,40,23,2
2205,23,41,2
2205,41,23,2
2205,23,42,2
2205,42,23,2
2205,23,43,2
2205,43,23,2
2205,23,44,2
2205,44,23,2
2205,23,45,2
2205,45,23,2
2205,23,46,2
2205,46,23,2
2205,23,47,2
2205,47,23,2
2205,23,48,2
2205,48,23,2
2205,23,49,2
2205,49,23,2
2205,23,50,2
2205,50,23,2
2205,23,51,3
2205,51,23,3
2205,23,52,2
2205,52,23,2
2205,23,53,2
2205,53,23,2
2205,23,54,2
2205,54,23,2
2205,23,55,2
2205,55,23,2
2205,23,56,2
2205,56,23,2
2205,23,57,2
2205,57,23,2
2205,23,58,2
2205,58,23,2
2205,23,59,2
2205,59,23,2
2205,23,60,2
2205,60,23,2
2205,23,61,2
2205,61,23,2
2205,23,62,2
2205,62,23,2
2205,23,63,2
2205,63,23,2
2205,23,64,2
2205,64,23,2
2205,23,65,2
2205,65,23,2
2205,23,66,2
2205,66,23,2
2205,23,67,2
2205,67,23,2
2205,24,0,2
2205,0,24,2
2205,24,1,2
2205,1,24,2
2205,24,2,2
2205,2,24,2
2205,24,3,2
2205,3,24,2
2205,24,4,2
2205,4,24,2
2205,24,5,2
2205,5,24,2
2205,24,6,2
2205,6,24,2
2205,24,7,3
2205,7,24,3
2205,24,8,2
2205,8,24,2
2205,24,9,2
2205,9,24,2
2205,24,10,2
2205,10,24,2
2205,24,11,2
2205,11,24,2
2205,24,12,2
2205,12,24,2
2205,24,13,2
2205,13,24,2
2205,24,14,2
2205,14,24,2
2205,24,15,2
2205,15,24,2
2205,24,16,2
2205,16,24,2
2205,24,17,2
2205,17,24,2
2205,24,18,2
2205,18,24,2
2205,24,19,2
2205,19,24,2
2205,24,20,2
2205,20,24,2
2205,24,21,2
2205,21,24,2
2205,24,22,2
2205,22,24,2
2205,24,40,2
2205,40,24,2
2205,24,41,2
2205,41,24,2
2205,24,42,2
2205,42,24,2
2205,24,43,2
2205,43,24,2
2205,24,44,2
2205,44,24,2
2205,24,45,2
2205,45,24,2
2205,24,46,2
2205,46,24,2
2205,24,47,2
2205,47,24,2
2205,24,48,2
2205,48,24,2
2205,24,49,2
2205,49,24,2
2205,24,50,2
2205,50,24,2
2205,24,51,2
2205,51,24,2
2205,24,52,3
2205,52,24,3
2205,24,53,2
2205,53,24,2
2205,24,54,2
2205,54,24,2
2205,24,55,2
2205,55,24,2
2205,24,56,2
2205,56,24,2
2205,24,57,2
2205,57,24,2
2205,24,58,2
2205,58,24,2
2205,24,59,2
2205,59,24,2
2205,24,60,2
2205,60,24,2
2205,24,61,2
2205,61,24,2
2205,24,62,2
2205,62,24,2
2205,24,63,2
2205,63,24,2
2205,24,64,2
2205,64,24,2
2205,24,65,2
2205,65,24,2
2205,24,66,2
2205,66,24,2
2205,24,67,2
2205,67,24,2
2205,25,0,2
2205,0,25,2
2205,25,1,2
2205,1,25,2
2205,25,2,2
2205,2,25,2
2205,25,3,2
2205,3,25,2
2205,25,4,2
2205,4,25,2
2205,25,5,2
2205,5,25,2
2205,25,6,2
2205,6,25,2
2205,25,7,2
2205,7,25,2
2205,25,8,3
2205,8,25,3
2205,25,9,2
2205,9,25,2
2205,25,10,2
2205,10,25,2
2205,25,11,2
2205,11,25,2
2205,25,12,2
2205,12,25,2
2205,25,13,2
2205,13,25,2
2205,25,14,2
2205,14,25,2
2205,25,15,2
2205,15,25,2
2205,25,16,2
2205,16,25,2
2205,25,17,2
2205,17,25,2
2205,25,18,2
2205,18,25,2
2205,25,19,2
2205,19,25,2
2205,25,20,2
2205,20,25,2
2205,25,21,2
2205,21,25,2
2205,25,22,2
2205,22,25,2
2205,25,40,2
2205,40,25,2
2205,25,41,2
2205,41,25,2
2205,25,42,2
2205,42,25,2
2205,25,43,2
2205,43,25,2
2205,25,44,2
2205,44,25,2
2205,25,45,2
2205,45,25,2
2205,25,46,2
2205,46,25,2
2205,25,47,2
2205,47,25,2
2205,25,48,2
2205,48,25,2
2205,25,49,2
2205,49,25,2
2205,25,50,2
2205,50,25,2
2205,25,51,2
2205,51,25,2
2205,25,52,2
2205,52,25,2
2205,25,53,3
2205,53,25,3
2205,25,54,2
2205,54,25,2
2205,25,55,2
2205,55,25,2
2205,25,56,2
2205,56,25,2
2205,25,57,2
2205,57,25,2
2205,25,58,2
2205,58,25,2
2205,25,59,2
2205,59,25,2
2205,25,60,2
2205,60,25,2
2205,25,61,2
2205,61,25,2
2205,25,62,2
2205,62,25,2
2205,25,63,2
2205,63,25,2
2205,25,64,2
2205,64,25,2
2205,25,65,2
2205,65,25,2
2205,25,66,2
2205,66,25,2
2205,25,67,2
2205,67,25,2
2205,26,0,2
2205,0,26,2
2205,26,1,2
2205,1,26,2
2205,26,2,2
2205,2,26,2
2205,26,3,2
2205,3,26,2
2205,26,4,2
2205,4,26,2
2205,26,5,2
2205,5,26,2
2205,26,6,2
2205,6,26,2
2205,26,7,2
2205,7,26,2
2205,26,8,2
2205,8,26,2
2205,26,9,3
2205,9,26,3
2205,26,10,2
2205,10,26,2
2205,26,11,2
2205,11,26,2
2205,26,12,2
2205,12,26,2
2205,26,13,2
2205,13,26,2
2205,26,14,2
2205,14,26,2
2205,26,15,2
2205,15,26,2
2205,26,16,2
2205,16,26,2
2205,26,17,2
2205,17,26,2
2205,26,18,2
2205,18,26,2
2205,26,19,2
2205,19,26,2
2205,26,20,2
2205,20,26,2
2205,26,21,2
2205,21,26,2
2205,26,22,2
2205,22,26,2
2205,26,40,2
2205,40,26,2
2205,26,41,2
2205,41,26,2
2205,26,42,2
2205,42,26,2
2205,26,43,2
2205,43,26,2
2205,26,44,2
2205,44,26,2
2205,26,45,2
2205,45,26,2
2205,26,46,2
2205,46,26,2
2205,26,47,2
2205,47,26,2
2205,26,48,2
2205,48,26,2
2205,26,49,2
2205,49,26,2
2205,26,50,2
2205,50,26,2
2205,26,51,2
2205,51,26,2
2205,26,52,2
2205,52,26,2
2205,26,53,2
2205,53,26,2
2205,26,54,3
2205,54,26,3
2205,26,55,2
2205,55,26,2
2205,26,56,2
2205,56,26,2
2205,26,57,2
2205,57,26,2
2205,26,58,2
2205,58,26,2
2205,26,59,2
2205,59,26,2
2205,26,60,2
2205,60,26,2
2205,26,61,2
2205,61,26,2
2205,26,62,2
2205,62,26,2
2205,26,63,2
2205,63,26,2
2205,26,64,2
2205,64,26,2
2205,26,65,2
2205,65,26,2
2205,26,66,2
2205,66,26,2
2205,26,67,2
2205,67,26,2
2205,27,0,2
2205,0,27,2
2205,27,1,2
2205,1,27,2
2205,27,2,2
2205,2,27,2
2205,27,3,2
2205,3,27,2
2205,27,4,2
2205,4,27,2
2205,27,5,2
2205,5,27,2
2205,27,6,2
2205,6,27,2
2205,27,7,2
2205,7,27,2
2205,27,8,2
2205,8,27,2
2205,27,9,2
2205,9,27,2
2205,27,10,3
2205,10,27,3
2205,27,11,2
2205,11,27,2
2205,27,12,2
2205,12,27,2
2205,27,13,2
2205,13,27,2
2205,27,14,2
2205,14,27,2
2205,27,15,2
2205,15,27,2
2205,27,16,2
2205,16,27,2
2205,27,17,2
2205,17,27,2
2205,27,18,2
2205,18,27,2
2205,27,19,2
2205,19,27,2
2205,27,20,2
2205,20,27,2
2205,27,21,2
2205,21,27,2
2205,27,22,2
2205,22,27,2
2205,27,40,2
2205,40,27,2
2205,27,41,2
2205,41,27,2
2205,27,42,2
2205,42,27,2
2205,27,43,2
2205,43,27,2
2205,27,44,2
2205,44,27,2
2205,27,45,2
2205,45,27,2
2205,27,46,2
2205,46,27,2
2205,27,47,2
2205,47,27,2
2205,27,48,2
2205,48,27,2
2205,27,49,2
2205,49,27,2
2205,27,50,2
2205,50,27,2
2205,27,51,2
2205,51,27,2
2205,27,52,2
2205,52,27,2
2205,27,53,2
2205,53,27,2
2205,27,54,2
2205,54,27,2
2205,27,55,3
2205,55,27,3
2205,27,56,2
2205,56,27,2
2205,27,57,2
2205,57,27,2
2205,27,58,2
2205,58,27,2
2205,27,59,2
2205,59,27,2
2205,27,60,2
2205,60,27,2
2205,27,61,2
2205,61,27,2
2205,27,62,2
2205,62,27,2
2205,27,63,2
2205,63,27,2
2205,27,64,2
2205,64,27,2
2205,27,65,2
2205,65,27,2
2205,27,66,2
2205,66,27,2
2205,27,67,2
2205,67,27,2
2205,28,0,2
2205,0,28,2
2205,28,1,2
2205,1,28,2
2205,28,2,2
2205,2,28,2
2205,28,3,2
2205,3,28,2
2205,28,4,2
2205,4,28,2
2205,28,5,2
2205,5,28,2
2205,28,6,2
2205,6,28,2
2205,28,7,2
2205,7,28,2
2205,28,8,2
2205,8,28,2
2205,28,9,2
2205,9,28,2
2205,28,10,2
2205,10,28,2
2205,28,11,3
2205,11,28,3
2205,28,12,2
2205,12,28,2
2205,28,13,2
2205,13,28,2
2205,28,14,2
2205,14,28,2
2205,28,15,2
2205,15,28,2
2205,28,16,2
2205,16,28,2
2205,28,17,2
2205,17,28,2
2205,28,18,2
2205,18,28,2
2205,28,19,2
2205,19,28,2
2205,28,20,2
2205,20,28,2
2205,28,21,2
2205,21,28,2
2205,28,22,2
2205,22,28,2
2205,28,40,2
2205,40,28,2
2205,28,41,2
2205,41,28,2
2205,28,42,2
2205,42,28,2
2205,28,43,2
2205,43,28,2
2205,28,44,2
2205,44,28,2
2205,28,45,2
2205,45,28,2
2205,28,46,2
2205,46,28,2
2205,28,47,2
2205,47,28,2
2205,28,48,2
2205,48,28,2
2205,28,49,2
2205,49,28,2
2205,28,50,2
2205,50,28,2
2205,28,51,2
2205,51,28,2
2205,28,52,2
2205,52,28,2
2205,28,53,2
2205,53,28,2
2205,28,54,2
2205,54,28,2
2205,28,55,2
2205,55,28,2
2205,28,56,3
2205,56,28,3
2205,28,57,2
2205,57,28,2
2205,28,58,2
2205,58,28,2
2205,28,59,2
2205,59,28,2
2205,28,60,2
2205,60,28,2
2205,28,61,2
2205,61,28,2
2205,28,62,2
2205,62,28,2
2205,28,63,2
2205,63,28,2
2205,28,64,2
2205,64,28,2
2205,28,65,2
2205,65,28,2
2205,28,66,2
2205,66,28,2
2205,28,67,2
2205,67,28,2
2205,29,0,2
2205,0,29,2
2205,29,1,2
2205,1,29,2
2205,29,2,2
2205,2,29,2
2205,29,3,2
2205,3,29,2
2205,29,4,2
2205,4,29,2
2205,29,5,2
2205,5,29,2
2205,29,6,2
2205,6,29,2
2205,29,7,2
2205,7,29,2
2205,29,8,2
2205,8,29,2
2205,29,9,2
2205,9,29,2
2205,29,10,2
2205,10,29,2
2205,29,11,2
2205,11,29,2
2205,29,12,6
2205,12,29,6
2205,29,13,2
2205,13,29,2
2205,29,14,2
2205,14,29,2
2205,29,15,2
2205,15,29,2
2205,29,16,2
2205,16,29,2
2205,29,17,2
2205,17,29,2
2205,29,18,2
2205,18,29,2
2205,29,19,2
2205,19,29,2
2205,29,20,2
2205,20,29,2
2205,29,21,2
2205,21,29,2
2205,29,22,2
2205,22,29,2
2205,29,40,2
2205,40,29,2
2205,29,41,2
2205,41,29,2
2205,29,42,2
2205,42,29,2
2205,29,43,2
2205,43,29,2
2205,29,44,2
2205,44,29,2
2205,29,45,2
2205,45,29,2
2205,29,46,2
2205,46,29,2
2205,29,47,2
2205,47,29,2
2205,29,48,2
2205,48,29,2
2205,29,49,2
2205,49,29,2
2205,29,50,2
2205,50,29,2
2205,29,51,2
2205,51,29,2
2205,29,52,2
2205,52,29,2
2205,29,53,2
2205,53,29,2
2205,29,54,2
2205,54,29,2
2205,29,55,2
2205,55,29,2
2205,29,56,2
2205,56,29,2
2205,29,57,3
2205,57,29,3
2205,29,58,2
2205,58,29,2
2205,29,59,2
2205,59,29,2
2205,29,60,2
2205,60,29,2
2205,29,61,2
2205,61,29,2
2205,29,62,2
2205,62,29,2
2205,29,63,2
2205,63,29,2
2205,29,64,2
2205,64,29,2
2205,29,65,2
2205,65,29,2
2205,29,66,2
2205,66,29,2
2205,29,67,2
2205,67,29,2
2205,30,0,2
2205,0,30,2
2205,30,1,2
2205,1,30,2
2205,30,2,2
2205,2,30,2
2205,30,3,2
2205,3,30,2
2205,30,4,2
2205,4,30,2
2205,30,5,2
2205,5,30,2
2205,30,6,2
2205,6,30,2
2205,30,7,2
2205,7,30,2
2205,30,8,2
2205,8,30,2
2205,30,9,2
2205,9,30,2
2205,30,10,2
2205,10,30,2
2205,30,11,2
2205,11,30,2
2205,30,12,2
2205,12,30,2
2205,30,13,2
2205,13,30,2
2205,30,14,2
2205,14,30,2
2205,30,15,2
2205,15,30,2
2205,30,16,2
2205,16,30,2
2205,30,17,2
2205,17,30,2
2205,30,18,2
2205,18,30,2
2205,30,19,2
2205,19,30,2
2205,30,20,2
2205,20,30,2
2205,30,21,2
2205,21,30,2
2205,30,22,2
2205,22,30,2
2205,30,40,2
2205,40,30,2
2205,30,41,2
2205,41,30,2
2205,30,42,2
2205,42,30,2
2205,30,43,2
2205,43,30,2
2205,30,44,2
2205,44,30,2
2205,30,45,2
2205,45,30,2
2205,30,46,2
2205,46,30,2
2205,30,47,2
2205,47,30,2
2205,30,48,2
2205,48,30,2
2205,30,49,2
2205,49,30,2
2205,30,50,2
2205,50,30,2
2205,30,51,2
2205,51,30,2
2205,30,52,2
2205,52,30,2
2205,30,53,2
2205,53,30,2
2205,30,54,2
2205,54,30,2
2205,30,55,2
2205,55,30,2
2205,30,56,2
2205,56,30,2
2205,30,57,2
2205,57,30,2
2205,30,58,3
2205,58,30,3
2205,30,59,2
2205,59,30,2
2205,30,60,2
2205,60,30,2
2205,30,61,2
2205,61,30,2
2205,30,62,2
2205,62,30,2
2205,30,63,2
2205,63,30,2
2205,30,64,2
2205,64,30,2
2205,30,65,2
2205,65,30,2
2205,30,66,2
2205,66,30,2
2205,30,67,2
2205,67,30,2
2205,31,0,2
2205,0,31,2
2205,31,1,2
2205,1,31,2
2205,31,2,2
2205,2,31,2
2205,31,3,2
2205,3,31,2
2205,31,4,2
2205,4,31,2
2205,31,5,2
2205,5,31,2
2205,31,6,2
2205,6,31,2
2205,31,7,2
2205,7,31,2
2205,31,8,2
2205,8,31,2
2205,31,9,2
2205,9,31,2
2205,31,10,2
2205,10,31,2
2205,31,11,2
2205,11,31,2
2205,31,12,2
2205,12,31,2
2205,31,13,2
2205,13,31,2
2205,31,14,2
2205,14,31,2
2205,31,15,2
2205,15,31,2
2205,31,16,2
2205,16,31,2
2205,31,17,2
2205,17,31,2
2205,31,18,2
2205,18,31,2
2205,31,19,2
2205,19,31,2
2205,31,20,2
2205,20,31,2
2205,31,21,2
2205,21,31,2
2205,31,22,2
2205,22,31,2
2205,31,40,2
2205,40,31,2
2205,31,41,2
2205,41,31,2
2205,31,42,2
2205,42,31,2
2205,31,43,2
2205,43,31,2
2205,31,44,2
2205,44,31,2
2205,31,45,2
2205,45,31,2
2205,31,46,2
2205,46,31,2
2205,31,47,2
2205,47,31,2
2205,31,48,2
2205,48,31,2
2205,31,49,2
2205,49,31,2
2205,31,50,2
2205,50,31,2
2205,31,51,2
2205,51,31,2
2205,31,52,2
2205,52,31,2
2205,31,53,2
2205,53,31,2
2205,31,54,2
2205,54,31,2
2205,31,55,2
2205,55,31,2
2205,31,56,2
2205,56,31,2
2205,31,57,2
2205,57,31,2
2205,31,58,2
2205,58,31,2
2205,31,59,3
2205,59,31,3
2205,31,60,2
2205,60,31,2
2205,31,61,2
2205,61,31,2
2205,31,62,2
2205,62,31,2
2205,31,63,2
2205,63,31,2
2205,31,64,2
2205,64,31,2
2205,31,65,2
2205,65,31,2
2205,31,66,2
2205,66,31,2
2205,31,67,2
2205,67,31,2
2205,32,0,2
2205,0,32,2
2205,32,1,2
2205,1,32,2
2205,32,2,2
2205,2,32,2
2205,32,3,2
2205,3,32,2
2205,32,4,2
2205,4,32,2
2205,32,5,2
2205,5,32,2
2205,32,6,2
2205,6,32,2
2205,32,7,2
2205,7,32,2
2205,32,8,2
2205,8,32,2
2205,32,9,2
2205,9,32,2
2205,32,10,2
2205,10,32,2
2205,32,11,2
2205,11,32,2
2205,32,12,2
2205,12,32,2
2205,32,13,2
2205,13,32,2
2205,32,14,2
2205,14,32,2
2205,32,15,2
2205,15,32,2
2205,32,16,2
2205,16,32,2
2205,32,17,2
2205,17,32,2
2205,32,18,2
2205,18,32,2
2205,32,19,2
2205,19,32,2
2205,32,20,2
2205,20,32,2
2205,32,21,2
2205,21,32,2
2205,32,22,2
2205,22,32,2
2205,32,40,2
2205,40,32,2
2205,32,41,2
2205,41,32,2
2205,32,42,2
2205,42,32,2
2205,32,43,2
2205,43,32,2
2205,32,44,2
2205,44,32,2
2205,32,45,2
2205,45,32,2
2205,32,46,2
2205,46,32,2
2205,32,47,2
2205,47,32,2
2205,32,48,2
2205,48,32,2
2205,32,49,2
2205,49,32,2
2205,32,50,2
2205,50,32,2
2205,32,51,2
2205,51,32,2
2205,32,52,2
2205,52,32,2
2205,32,53,2
2205,53,32,2
2205,32,54,2
2205,54,32,2
2205,32,55,2
2205,55,32,2
2205,32,56,2
2205,56,32,2
2205,32,57,2
2205,57,32,2
2205,32,58,2
2205,58,32,2
2205,32,59,2
2205,59,32,2
2205,32,60,3
2205,60,32,3
2205,32,61,2
2205,61,32,2
2205,32,62,2
2205,62,32,2
2205,32,63,2
2205,63,32,2
2205,32,64,2
2205,64,32,2
2205,32,65,2
2205,65,32,2
2205,32,66,2
2205,66,32,2
2205,32,67,2
2205,67,32,2
2205,33,0,2
2205,0,33,2
2205,33,1,2
2205,1,33,2
2205,33,2,2
2205,2,33,2
2205,33,3,2
2205,3,33,2
2205,33,4,2
2205,4,33,2
2205,33,5,2
2205,5,33,2
2205,33,6,2
2205,6,33,2
2205,33,7,2
2205,7,33,2
2205,33,8,2
2205,8,33,2
2205,33,9,2
2205,9,33,2
2205,33,10,2
2205,10,33,2
2205,33,11,2
2205,11,33,2
2205,33,12,2
2205,12,33,2
2205,33,13,2
2205,13,33,2
2205,33,14,2
2205,14,33,2
2205,33,15,2
2205,15,33,2
2205,33,16,2
2205,16,33,2
2205,33,17,2
2205,17,33,2
2205,33,18,2
2205,18,33,2
2205,33,19,2
2205,19,33,2
2205,33,20,2
2205,20,33,2
2205,33,21,2
2205,21,33,2
2205,33,22,2
2205,22,33,2
2205,33,40,2
2205,40,33,2
2205,33,41,2
2205,41,33,2
2205,33,42,2
2205,42,33,2
2205,33,43,2
2205,43,33,2
2205,33,44,2
2205,44,33,2
2205,33,45,2
2205,45,33,2
2205,33,46,2
2205,46,33,2
2205,33,47,2
2205,47,33,2
2205,33,48,2
2205,48,33,2
2205,33,49,2
2205,49,33,2
2205,33,50,2
2205,50,33,2
2205,33,51,2
2205,51,33,2
2205,33,52,2
2205,52,33,2
2205,33,53,2
2205,53,33,2
2205,33,54,2
2205,54,33,2
2205,33,55,2
2205,55,33,2
2205,33,56,2
2205,56,33,2
2205,33,57,2
2205,57,33,2
2205,33,58,2
2205,58,33,2
2205,33,59,2
2205,59,33,2
2205,33,60,2
2205,60,33,2
2205,33,61,3
2205,61,33,3
2205,33,62,2
2205,62,33,2
2205,33,63,2
2205,63,33,2
2205,33,64,2
2205,64,33,2
2205,33,65,2
2205,65,33,2
2205,33,66,2
2205,66,33,2
2205,33,67,2
2205,67,33,2
2205,34,0,2
2205,0,34,2
2205,34,1,2
2205,1,34,2
2205,34,2,2
2205,2,34,2
2205,34,3,2
2205,3,34,2
2205,34,4,2
2205,4,34,2
2205,34,5,2
2205,5,34,2
2205,34,6,2
2205,6,34,2
2205,34,7,2
2205,7,34,2
2205,34,8,2
2205,8,34,2
2205,34,9,2
2205,9,34,2
2205,34,10,2
2205,10,34,2
2205,34,11,2
2205,11,34,2
2205,34,12,2
2205,12,34,2
2205,34,13,2
2205,13,34,2
2205,34,14,2
2205,14,34,2
2205,34,15,2
2205,15,34,2
2205,34,16,2
2205,16,34,2
2205,34,17,2
2205,17,34,2
2205,34,18,2
2205,18,34,2
2205,34,19,2
2205,19,34,2
2205,34,20,2
2205,20,34,2
2205,34,21,2
2205,21,34,2
2205,34,22,2
2205,22,34,2
2205,34,40,2
2205,40,34,2
2205,34,41,2
2205,41,34,2
2205,34,42,2
2205,42,34,2
2205,34,43,2
2205,43,34,2
2205,34,44,2
2205,44,34,2
2205,34,45,2
2205,45,34,2
2205,34,46,2
2205,46,34,2
2205,34,47,2
2205,47,34,2
2205,34,48,2
2205,48,34,2
2205,34,49,2
2205,49,34,2
2205,34,50,2
2205,50,34,2
2205,34,51,2
2205,51,34,2
2205,34,52,2
2205,52,34,2
2205,34,53,2
2205,53,34,2
2205,34,54,2
2205,54,34,2
2205,34,55,2
2205,55,34,2
2205,34,56,2
2205,56,34,2
2205,34,57,2
2205,57,34,2
2205,34,58,2
2205,58,34,2
2205,34,59,2
2205,59,34,2
2205,34,60,2
2205,60,34,2
2205,34,61,2
2205,61,34,2
2205,34,62,3
2205,62,34,3
2205,34,63,2
2205,63,34,2
2205,34,64,2
2205,64,34,2
2205,34,65,2
2205,65,34,2
2205,34,66,2
2205,66,34,2
2205,34,67,2
2205,67,34,2
2205,35,0,2
2205,0,35,2
2205,35,1,2
2205,1,35,2
2205,35,2,2
2205,2,35,2
2205,35,3,2
2205,3,35,2
2205,35,4,2
2205,4,35,2
2205,35,5,2
2205,5,35,2
2205,35,6,2
2205,6,35,2
2205,35,7,2
2205,7,35,2
2205,35,8,2
2205,8,35,2
2205,35,9,2
2205,9,35,2
2205,35,10,2
2205,10,35,2
2205,35,11,2
2205,11,35,2
2205,35,12,2
2205,12,35,2
2205,35,13,2
2205,13,35,2
2205,35,14,2
2205,14,35,2
2205,35,15,2
2205,15,35,2
2205,35,16,2
2205,16,35,2
2205,35,17,2
2205,17,35,2
2205,35,18,2
2205,18,35,2
2205,35,19,2
2205,19,35,2
2205,35,20,2
2205,20,35,2
2205,35,21,2
2205,21,35,2
2205,35,22,2
2205,22,35,2
2205,35,40,2
2205,40,35,2
2205,35,41,2
2205,41,35,2
2205,35,42,2
2205,42,35,2
2205,35,43,2
2205,43,35,2
2205,35,44,2
2205,44,35,2
2205,35,45,2
2205,45,35,2
2205,35,46,2
2205,46,35,2
2205,35,47,2
2205,47,35,2
2205,35,48,2
2205,48,35,2
2205,35,49,2
2205,49,35,2
2205,35,50,2
2205,50,35,2
2205,35,51,2
2205,51,35,2
2205,35,52,2
2205,52,35,2
2205,35,53,2
2205,53,35,2
2205,35,54,2
2205,54,35,2
2205,35,55,2
2205,55,35,2
2205,35,56,2
2205,56,35,2
2205,35,57,2
2205,57,35,2
2205,35,58,2
2205,58,35,2
2205,35,59,2
2205,59,35,2
2205,35,60,2
2205,60,35,2
2205,35,61,2
2205,61,35,2
2205,35,62,2
2205,62,35,2
2205,35,63,3
2205,63,35,3
2205,35,64,2
2205,64,35,2
2205,35,65,2
2205,65,35,2
2205,35,66,2
2205,66,35,2
2205,35,67,2
2205,67,35,2
2205,36,0,2
2205,0,36,2
2205,36,1,2
2205,1,36,2
2205,36,2,2
2205,2,36,2
2205,36,3,2
2205,3,36,2
2205,36,4,2
2205,4,36,2
2205,36,5,2
2205,5,36,2
2205,36,6,2
2205,6,36,2
2205,36,7,2
2205,7,36,2
2205,36,8,2
2205,8,36,2
2205,36,9,2
2205,9,36,2
2205,36,10,2
2205,10,36,2
2205,36,11,2
2205,11,36,2
2205,36,12,2
2205,12,36,2
2205,36,13,2
2205,13,36,2
2205,36,14,2
2205,14,36,2
2205,36,15,2
2205,15,36,2
2205,36,16,2
2205,16,36,2
2205,36,17,2
2205,17,36,2
2205,36,18,2
2205,18,36,2
2205,36,19,2
2205,19,36,2
2205,36,20,2
2205,20,36,2
2205,36,21,2
2205,21,36,2
2205,36,22,2
2205,22,36,2
2205,36,40,2
2205,40,36,2
2205,36,41,2
2205,41,36,2
2205,36,42,2
2205,42,36,2
2205,36,43,2
2205,43,36,2
2205,36,44,2
2205,44,36,2
2205,36,45,2
2205,45,36,2
2205,36,46,2
2205,46,36,2
2205,36,47,2
2205,47,36,2
2205,36,48,2
2205,48,36,2
2205,36,49,2
2205,49,36,2
2205,36,50,2
2205,50,36,2
2205,36,51,2
2205,51,36,2
2205,36,52,2
2205,52,36,2
2205,36,53,2
2205,53,36,2
2205,36,54,2
2205,54,36,2
2205,36,55,2
2205,55,36,2
2205,36,56,2
2205,56,36,2
2205,36,57,2
2205,57,36,2
2205,36,58,2
2205,58,36,2
2205,36,59,2
2205,59,36,2
2205,36,60,2
2205,60,36,2
2205,36,61,2
2205,61,36,2
2205,36,62,2
2205,62,36,2
2205,36,63,2
2205,63,36,2
2205,36,64,3
2205,64,36,3
2205,36,65,2
2205,65,36,2
2205,36,66,2
2205,66,36,2
2205,36,67,2
2205,67,36,2
2205,37,0,2
2205,0,37,2
2205,37,1,2
2205,1,37,2
2205,37,2,2
2205,2,37,2
2205,37,3,2
2205,3,37,2
2205,37,4,2
2205,4,37,2
2205,37,5,2
2205,5,37,2
2205,37,6,2
2205,6,37,2
2205,37,7,2
2205,7,37,2
2205,37,8,2
2205,8,37,2
2205,37,9,2
2205,9,37,2
2205,37,10,2
2205,10,37,2
2205,37,11,2
2205,11,37,2
2205,37,12,2
2205,12,37,2
2205,37,13,2
2205,13,37,2
2205,37,14,2
2205,14,37,2
2205,37,15,2
2205,15,37,2
2205,37,16,2
2205,16,37,2
2205,37,17,2
2205,17,37,2
2205,37,18,2
2205,18,37,2
2205,37,19,2
2205,19,37,2
2205,37,20,2
2205,20,37,2
2205,37,21,2
2205,21,37,2
2205,37,22,2
2205,22,37,2
2205,37,40,2
2205,40,37,2
2205,37,41,2
2205,41,37,2
2205,37,42,2
2205,42,37,2
2205,37,43,2
2205,43,37,2
2205,37,44,2
2205,44,37,2
2205,37,45,2
2205,45,37,2
2205,37,46,2
2205,46,37,2
2205,37,47,2
2205,47,37,2
2205,37,48,2
2205,48,37,2
2205,37,49,2
2205,49,37,2
2205,37,50,2
2205,50,37,2
2205,37,51,2
2205,51,37,2
2205,37,52,2
2205,52,37,2
2205,37,53,2
2205,53,37,2
2205,37,54,2
2205,54,37,2
2205,37,55,2
2205,55,37,2
2205,37,56,2
2205,56,37,2
2205,37,57,2
2205,57,37,2
2205,37,58,2
2205,58,37,2
2205,37,59,2
2205,59,37,2
2205,37,60,2
2205,60,37,2
2205,37,61,2
2205,61,37,2
2205,37,62,2
2205,62,37,2
2205,37,63,2
2205,63,37,2
2205,37,64,2
2205,64,37,2
2205,37,65,3
2205,65,37,3
2205,37,66,2
2205,66,37,2
2205,37,67,2
2205,67,37,2
2205,38,0,2
2205,0,38,2
2205,38,1,2
2205,1,38,2
2205,38,2,2
2205,2,38,2
2205,38,3,2
2205,3,38,2
2205,38,4,2
2205,4,38,2
2205,38,5,2
2205,5,38,2
2205,38,6,2
2205,6,38,2
2205,38,7,2
2205,7,38,2
2205,38,8,2
2205,8,38,2
2205,38,9,2
2205,9,38,2
2205,38,10,2
2205,10,38,2
2205,38,11,2
2205,11,38,2
2205,38,12,2
2205,12,38,2
2205,38,13,2
2205,13,38,2
2205,38,14,2
2205,14,38,2
2205,38,15,2
2205,15,38,2
2205,38,16,2
2205,16,38,2
2205,38,17,2
2205,17,38,2
2205,38,18,2
2205,18,38,2
2205,38,19,2
2205,19,38,2
2205,38,20,2
2205,20,38,2
2205,38,21,2
2205,21,38,2
2205,38,22,2
2205,22,38,2
2205,38,40,2
2205,40,38,2
2205,38,41,2
2205,41,38,2
2205,38,42,2
2205,42,38,2
2205,38,43,2
2205,43,38,2
2205,38,44,2
2205,44,38,2
2205,38,45,2
2205,45,38,2
2205,38,46,2
2205,46,38,2
2205,38,47,2
2205,47,38,2
2205,38,48,2
2205,48,38,2
2205,38,49,2
2205,49,38,2
2205,38,50,2
2205,50,38,2
2205,38,51,2
2205,51,38,2
2205,38,52,2
2205,52,38,2
2205,38,53,2
2205,53,38,2
2205,38,54,2
2205,54,38,2
2205,38,55,2
2205,55,38,2
2205,38,56,2
2205,56,38,2
2205,38,57,2
2205,57,38,2
2205,38,58,2
2205,58,38,2
2205,38,59,2
2205,59,38,2
2205,38,60,2
2205,60,38,2
2205,38,61,2
2205,61,38,2
2205,38,62,2
2205,62,38,2
2205,38,63,2
2205,63,38,2
2205,38,64,2
2205,64,38,2
2205,38,65,2
2205,65,38,2
2205,38,66,3
2205,66,38,3
2205,38,67,2
2205,67,38,2
2205,39,0,2
2205,0,39,2
2205,39,1,2
2205,1,39,2
2205,39,2,2
2205,2,39,2
2205,39,3,2
2205,3,39,2
2205,39,4,2
2205,4,39,2
2205,39,5,2
2205,5,39,2
2205,39,6,2
2205,6,39,2
2205,39,7,2
2205,7,39,2
2205,39,8,2
2205,8,39,2
2205,39,9,2
2205,9,39,2
2205,39,10,2
2205,10,39,2
2205,39,11,2
2205,11,39,2
2205,39,12,2
2205,12,39,2
2205,39,13,2
2205,13,39,2
2205,39,14,2
2205,14,39,2
2205,39,15,2
2205,15,39,2
2205,39,16,2
2205,16,39,2
2205,39,17,2
2205,17,39,2
2205,39,18,2
2205,18,39,2
2205,39,19,2
2205,19,39,2
2205,39,20,2
2205,20,39,2
2205,39,21,2
2205,21,39,2
2205,39,22,2
2205,22,39,2
2205,39,40,2
2205,40,39,2
2205,39,41,2
2205,41,39,2
2205,39,42,2
2205,42,39,2
2205,39,43,2
2205,43,39,2
2205,39,44,2
2205,44,39,2
2205,39,45,2
2205,45,39,2
2205,39,46,2
2205,46,39,2
2205,39,47,2
2205,47,39,2
2205,39,48,2
2205,48,39,2
2205,39,49,2
2205,49,39,2
2205,39,50,2
2205,50,39,2
2205,39,51,2
2205,51,39,2
2205,39,52,2
2205,52,39,2
2205,39,53,2
2205,53,39,2
2205,39,54,2
2205,54,39,2
2205,39,55,2
2205,55,39,2
2205,39,56,2
2205,56,39,2
2205,39,57,2
2205,57,39,2
2205,39,58,2
2205,58,39,2
2205,39,59,2
2205,59,39,2
2205,39,60,2
2205,60,39,2
2205,39,61,2
2205,61,39,2
2205,39,62,2
2205,62,39,2
2205,39,63,2
2205,63,39,2
2205,39,64,2
2205,64,39,2
2205,39,65,2
2205,65,39,2
2205,39,66,2
2205,66,39,2
2205,39,67,3
2205,67,39,3
2205,40,0,2
2205,0,40,2
2205,40,1,2
2205,1,40,2
2205,40,2,2
2205,2,40,2
2205,40,3,2
2205,3,40,2
2205,40,4,2
2205,4,40,2
2205,40,5,2
2205,5,40,2
2205,40,6,2
2205,6,40,2
2205,40,7,2
2205,7,40,2
2205,40,8,2
2205,8,40,2
2205,40,9,2
2205,9,40,2
2205,40,10,2
2205,10,40,2
2205,40,11,2
2205,11,40,2
2205,40,12,2
2205,12,40,2
2205,40,13,2
2205,13,40,2
2205,40,14,2
2205,14,40,2
2205,40,15,2
2205,15,40,2
2205,40,16,2
2205,16,40,2
2205,40,17,2
2205,17,40,2
2205,40,18,2
2205,18,40,2
2205,40,19,2
2205,19,40,2
2205,40,20,2
2205,20,40,2
2205,40,21,2
2205,21,40,2
2205,40,22,2
2205,22,40,2
2205,40,23,2
2205,23,40,2
2205,40,24,2
2205,24,40,2
2205,40,25,2
2205,25,40,2
2205,40,26,2
2205,26,40,2
2205,40,27,2
2205,27,40,2
2205,40,28,2
2205,28,40,2
2205,40,29,2
2205,29,40,2
2205,40,30,2
2205,30,40,2
2205,40,31,2
2205,31,40,2
2205,40,32,2
2205,32,40,2
2205,40,33,2
2205,33,40,2
2205,40,34,2
2205,34,40,2
2205,40,35,2
2205,35,40,2
2205,40,36,2
2205,36,40,2
2205,40,37,2
2205,37,40,2
2205,40,38,2
2205,38,40,2
2205,40,39,2
2205,39,40,2
2205,41,0,2
2205,0,41,2
2205,41,1,2
2205,1,41,2
2205,41,2,2
2205,2,41,2
2205,41,3,2
2205,3,41,2
2205,41,4,2
2205,4,41,2
2205,41,5,2
2205,5,41,2
2205,41,6,2
2205,6,41,2
2205,41,7,2
2205,7,41,2
2205,41,8,2
2205,8,41,2
2205,41,9,2
2205,9,41,2
2205,41,10,2
2205,10,41,2
2205,41,11,2
2205,11,41,2
2205,41,12,2
2205,12,41,2
2205,41,13,2
2205,13,41,2
2205,41,14,2
2205,14,41,2
2205,41,15,2
2205,15,41,2
2205,41,16,2
2205,16,41,2
2205,41,17,2
2205,17,41,2
2205,41,18,2
2205,18,41,2
2205,41,19,2
2205,19,41,2
2205,41,20,2
2205,20,41,2
2205,41,21,2
2205,21,41,2
2205,41,22,2
2205,22,41,2
2205,41,23,2
2205,23,41,2
2205,41,24,2
2205,24,41,2
2205,41,25,2
2205,25,41,2
2205,41,26,2
2205,26,41,2
2205,41,27,2
2205,27,41,2
2205,41,28,2
2205,28,41,2
2205,41,29,2
2205,29,41,2
2205,41,30,2
2205,30,41,2
2205,41,31,2
2205,31,41,2
2205,41,32,2
2205,32,41,2
2205,41,33,2
2205,33,41,2
2205,41,34,2
2205,34,41,2
2205,41,35,2
2205,35,41,2
2205,41,36,2
2205,36,41,2
2205,41,37,2
2205,37,41,2
2205,41,38,2
2205,38,41,2
2205,41,39,2
2205,39,41,2
2205,42,0,2
2205,0,42,2
2205,42,1,2
2205,1,42,2
2205,42,2,2
2205,2,42,2
2205,42,3,2
2205,3,42,2
2205,42,4,2
2205,4,42,2
2205,42,5,2
2205,5,42,2
2205,42,6,2
2205,6,42,2
2205,42,7,2
2205,7,42,2
2205,42,8,2
2205,8,42,2
2205,42,9,2
2205,9,42,2
2205,42,10,2
2205,10,42,2
2205,42,11,2
2205,11,42,2
2205,42,12,2
2205,12,42,2
2205,42,13,2
2205,13,42,2
2205,42,14,2
2205,14,42,2
2205,42,15,2
2205,15,42,2
2205,42,16,2
2205,16,42,2
2205,42,17,2
2205,17,42,2
2205,42,18,2
2205,18,42,2
2205,42,19,2
2205,19,42,2
2205,42,20,2
2205,20,42,2
2205,42,21,2
2205,21,42,2
2205,42,22,2
2205,22,42,2
2205,42,23,2
2205,23,42,2
2205,42,24,2
2205,24,42,2
2205,42,25,2
2205,25,42,2
2205,42,26,2
2205,26,42,2
2205,42,27,2
2205,27,42,2
2205,42,28,2
2205,28,42,2
2205,42,29,2
2205,29,42,2
2205,42,30,2
2205,30,42,2
2205,42,31,2
2205,31,42,2
2205,42,32,2
2205,32,42,2
2205,42,33,2
2205,33,42,2
2205,42,34,2
2205,34,42,2
2205,42,35,2
2205,35,42,2
2205,42,36,2
2205,36,42,2
2205,42,37,2
2205,37,42,2
2205,42,38,2
2205,38,42,2
2205,42,39,2
2205,39,42,2
2205,43,0,2
2205,0,43,2
2205,43,1,2
2205,1,43,2
2205,43,2,2
2205,2,43,2
2205,43,3,2
2205,3,43,2
2205,43,4,2
2205,4,43,2
2205,43,5,2
2205,5,43,2
2205,43,6,2
2205,6,43,2
2205,43,7,2
2205,7,43,2
2205,43,8,2
2205,8,43,2
2205,43,9,2
2205,9,43,2
2205,43,10,2
2205,10,43,2
2205,43,11,2
2205,11,43,2
2205,43,12,2
2205,12,43,2
2205,43,13,2
2205,13,43,2
2205,43,14,2
2205,14,43,2
2205,43,15,2
2205,15,43,2
2205,43,16,2
2205,16,43,2
2205,43,17,2
2205,17,43,2
2205,43,18,2
2205,18,43,2
2205,43,19,2
2205,19,43,2
2205,43,20,2
2205,20,43,2
2205,43,21,2
2205,21,43,2
2205,43,22,2
2205,22,43,2
2205,43,23,2
2205,23,43,2
2205,43,24,2
2205,24,43,2
2205,43,25,2
2205,25,43,2
2205,43,26,2
2205,26,43,2
2205,43,27,2
2205,27,43,2
2205,43,28,2
2205,28,43,2
2205,43,29,2
2205,29,43,2
2205,43,30,2
2205,30,43,2
2205,43,31,2
2205,31,43,2
2205,43,32,2
2205,32,43,2
2205,43,33,2
2205,33,43,2
2205,43,34,2
2205,34,43,2
2205,43,35,2
2205,35,43,2
2205,43,36,2
2205,36,43,2
2205,43,37,2
2205,37,43,2
2205,43,38,2
2205,38,43,2
2205,43,39,2
2205,39,43,2
2205,44,0,2
2205,0,44,2
2205,44,1,2
2205,1,44,2
2205,44,2,2
2205,2,44,2
2205,44,3,2
2205,3,44,2
2205,44,4,2
2205,4,44,2
2205,44,5,2
2205,5,44,2
2205,44,6,2
2205,6,44,2
2205,44,7,2
2205,7,44,2
2205,44,8,2
2205,8,44,2
2205,44,9,2
2205,9,44,2
2205,44,10,2
2205,10,44,2
2205,44,11,2
2205,11,44,2
2205,44,12,2
2205,12,44,2
2205,44,13,2
2205,13,44,2
2205,44,14,2
2205,14,44,2
2205,44,15,2
2205,15,44,2
2205,44,16,2
2205,16,44,2
2205,44,17,2
2205,17,44,2
2205,44,18,2
2205,18,44,2
2205,44,19,2
2205,19,44,2
2205,44,20,2
2205,20,44,2
2205,44,21,2
2205,21,44,2
2205,44,22,2
2205,22,44,2
2205,44,23,2
2205,23,44,2
2205,44,24,2
2205,24,44,2
2205,44,25,2
2205,25,44,2
2205,44,26,2
2205,26,44,2
2205,44,27,2
2205,27,44,2
2205,44,28,2
2205,28,44,2
2205,44,29,2
2205,29,44,2
2205,44,30,2
2205,30,44,2
2205,44,31,2
2205,31,44,2
2205,44,32,2
2205,32,44,2
2205,44,33,2
2205,33,44,2
2205,44,34,2
2205,34,44,2
2205,44,35,2
2205,35,44,2
2205,44,36,2
2205,36,44,2
2205,44,37,2
2205,37,44,2
2205,44,38,2
2205,38,44,2
2205,44,39,2
2205,39,44,2
2205,45,0,2
2205,0,45,2
2205,45,1,2
2205,1,45,2
2205,45,2,2
2205,2,45,2
2205,45,3,2
2205,3,45,2
2205,45,4,2
2205,4,45,2
2205,45,5,2
2205,5,45,2
2205,45,6,2
2205,6,45,2
2205,45,7,2
2205,7,45,2
2205,45,8,2
2205,8,45,2
2205,45,9,2
2205,9,45,2
2205,45,10,2
2205,10,45,2
2205,45,11,2
2205,11,45,2
2205,45,12,2
2205,12,45,2
2205,45,13,2
2205,13,45,2
2205,45,14,2
2205,14,45,2
2205,45,15,2
2205,15,45,2
2205,45,16,2
2205,16,45,2
2205,45,17,2
2205,17,45,2
2205,45,18,2
2205,18,45,2
2205,45,19,2
2205,19,45,2
2205,45,20,2
2205,20,45,2
2205,45,21,2
2205,21,45,2
2205,45,22,2
2205,22,45,2
2205,45,23,2
2205,23,45,2
2205,45,24,2
2205,24,45,2
2205,45,25,2
2205,25,45,2
2205,45,26,2
2205,26,45,2
2205,45,27,2
2205,27,45,2
2205,45,28,2
2205,28,45,2
2205,45,29,2
2205,29,45,2
2205,45,30,2
2205,30,45,2
2205,45,31,2
2205,31,45,2
2205,45,32,2
2205,32,45,2
2205,45,33,2
2205,33,45,2
2205,45,34,2
2205,34,45,2
2205,45,35,2
2205,35,45,2
2205,45,36,2
2205,36,45,2
2205,45,37,2
2205,37,45,2
2205,45,38,2
2205,38,45,2
2205,45,39,2
2205,39,45,2
2205,46,0,2
2205,0,46,2
2205,46,1,2
2205,1,46,2
2205,46,2,2
2205,2,46,2
2205,46,3,2
2205,3,46,2
2205,46,4,2
2205,4,46,2
2205,46,5,2
2205,5,46,2
2205,46,6,2
2205,6,46,2
2205,46,7,2
2205,7,46,2
2205,46,8,2
2205,8,46,2
2205,46,9,2
2205,9,46,2
2205,46,10,2
2205,10,46,2
2205,46,11,2
2205,11,46,2
2205,46,12,2
2205,12,46,2
2205,46,13,2
2205,13,46,2
2205,46,14,2
2205,14,46,2
2205,46,15,2
2205,15,46,2
2205,46,16,2
2205,16,46,2
2205,46,17,2
2205,17,46,2
2205,46,18,2
2205,18,46,2
2205,46,19,2
2205,19,46,2
2205,46,20,2
2205,20,46,2
2205,46,21,2
2205,21,46,2
2205,46,22,2
2205,22,46,2
2205,46,23,2
2205,23,46,2
2205,46,24,2
2205,24,46,2
2205,46,25,2
2205,25,46,2
2205,46,26,2
2205,26,46,2
2205,46,27,2
2205,27,46,2
2205,46,28,2
2205,28,46,2
2205,46,29,2
2205,29,46,2
2205,46,30,2
2205,30,46,2
2205,46,31,2
2205,31,46,2
2205,46,32,2
2205,32,46,2
2205,46,33,2
2205,33,46,2
2205,46,34,2
2205,34,46,2
2205,46,35,2
2205,35,46,2
2205,46,36,2
2205,36,46,2
2205,46,37,2
2205,37,46,2
2205,46,38,2
2205,38,46,2
2205,46,39,2
2205,39,46,2
2205,47,0,2
2205,0,47,2
2205,47,1,2
2205,1,47,2
2205,47,2,5
2205,2,47,5
2205,47,3,2
2205,3,47,2
2205,47,4,2
2205,4,47,2
2205,47,5,2
2205,5,47,2
2205,47,6,2
2205,6,47,2
2205,47,7,2
2205,7,47,2
2205,47,8,2
2205,8,47,2
2205,47,9,2
2205,9,47,2
2205,47,10,2
2205,10,47,2
2205,47,11,2
2205,11,47,2
2205,47,12,2
2205,12,47,2
2205,47,13,2
2205,13,47,2
2205,47,14,2
2205,14,47,2
2205,47,15,2
2205,15,47,2
2205,47,16,2
2205,16,47,2
2205,47,17,2
2205,17,47,2
2205,47,18,2
2205,18,47,2
2205,47,19,2
2205,19,47,2
2205,47,20,2
2205,20,47,2
2205,47,21,2
2205,21,47,2
2205,47,22,2
2205,22,47,2
2205,47,23,2
2205,23,47,2
2205,47,24,2
2205,24,47,2
2205,47,25,2
2205,25,47,2
2205,47,26,2
2205,26,47,2
2205,47,27,2
2205,27,47,2
2205,47,28,2
2205,28,47,2
2205,47,29,2
2205,29,47,2
2205,47,30,2
2205,30,47,2
2205,47,31,2
2205,31,47,2
2205,47,32,2
2205,32,47,2
2205,47,33,2
2205,33,47,2
2205,47,34,2
2205,34,47,2
2205,47,35,2
2205,35,47,2
2205,47,36,2
2205,36,47,2
2205,47,37,2
2205,37,47,2
2205,47,38,2
2205,38,47,2
2205,47,39,2
2205,39,47,2
2205,48,0,2
2205,0,48,2
2205,48,1,2
2205,1,48,2
2205,48,2,2
2205,2,48,2
2205,48,3,3
2205,3,48,3
2205,48,4,2
2205,4,48,2
2205,48,5,2
2205,5,48,2
2205,48,6,2
2205,6,48,2
2205,48,7,2
2205,7,48,2
2205,48,8,2
2205,8,48,2
2205,48,9,2
2205,9,48,2
2205,48,10,2
2205,10,48,2
2205,48,11,2
2205,11,48,2
2205,48,12,2
2205,12,48,2
2205,48,13,2
2205,13,48,2
2205,48,14,2
2205,14,48,2
2205,48,15,2
2205,15,48,2
2205,48,16,2
2205,16,48,2
2205,48,17,2
2205,17,48,2
2205,48,18,2
2205,18,48,2
2205,48,19,2
2205,19,48,2
2205,48,20,2
2205,20,48,2
2205,48,21,2
2205,21,48,2
2205,48,22,2
2205,22,48,2
2205,48,23,2
2205,23,48,2
2205,48,24,2
2205,24,48,2
2205,48,25,2
2205,25,48,2
2205,48,26,2
2205,26,48,2
2205,48,27,2
2205,27,48,2
2205,48,28,2
2205,28,48,2
2205,48,29,2
2205,29,48,2
2205,48,30,2
2205,30,48,2
2205,48,31,2
2205,31,48,2
2205,48,32,2
2205,32,48,2
2205,48,33,2
2205,33,48,2
2205,48,34,2
2205,34,48,2
2205,48,35,2
2205,35,48,2
2205,48,36,2
2205,36,48,2
2205,48,37,2
2205,37,48,2
2205,48,38,2
2205,38,48,2
2205,48,39,2
2205,39,48,2
2205,49,0,2
2205,0,49,2
2205,49,1,2
2205,1,49,2
2205,49,2,2
2205,2,49,2
2205,49,3,2
2205,3,49,2
2205,49,4,3
2205,4,49,3
2205,49,5,2
2205,5,49,2
2205,49,6,2
2205,6,49,2
2205,49,7,2
2205,7,49,2
2205,49,8,2
2205,8,49,2
2205,49,9,2
2205,9,49,2
2205,49,10,2
2205,10,49,2
2205,49,11,2
2205,11,49,2
2205,49,12,2
2205,12,49,2
2205,49,13,2
2205,13,49,2
2205,49,14,2
2205,14,49,2
2205,49,15,2
2205,15,49,2
2205,49,16,2
2205,16,49,2
2205,49,17,2
2205,17,49,2
2205,49,18,2
2205,18,49,2
2205,49,19,2
2205,19,49,2
2205,49,20,2
2205,20,49,2
2205,49,21,2
2205,21,49,2
2205,49,22,2
2205,22,49,2
2205,49,23,2
2205,23,49,2
2205,49,24,2
2205,24,49,2
2205,49,25,2
2205,25,49,2
2205,49,26,2
2205,26,49,2
2205,49,27,2
2205,27,49,2
2205,49,28,2
2205,28,49,2
2205,49,29,2
2205,29,49,2
2205,49,30,2
2205,30,49,2
2205,49,31,2
2205,31,49,2
2205,49,32,2
2205,32,49,2
2205,49,33,2
2205,33,49,2
2205,49,34,2
2205,34,49,2
2205,49,35,2
2205,35,49,2
2205,49,36,2
2205,36,49,2
2205,49,37,2
2205,37,49,2
2205,49,38,2
2205,38,49,2
2205,49,39,2
2205,39,49,2
2205,50,0,2
2205,0,50,2
2205,50,1,2
2205,1,50,2
2205,50,2,2
2205,2,50,2
2205,50,3,2
2205,3,50,2
2205,50,4,2
2205,4,50,2
2205,50,5,3
2205,5,50,3
2205,50,6,2
2205,6,50,2
2205,50,7,2
2205,7,50,2
2205,50,8,2
2205,8,50,2
2205,50,9,2
2205,9,50,2
2205,50,10,2
2205,10,50,2
2205,50,11,2
2205,11,50,2
2205,50,12,2
2205,12,50,2
2205,50,13,2
2205,13,50,2
2205,50,14,2
2205,14,50,2
2205,50,15,2
2205,15,50,2
2205,50,16,2
2205,16,50,2
2205,50,17,2
2205,17,50,2
2205,50,18,2
2205,18,50,2
2205,50,19,2
2205,19,50,2
2205,50,20,2
2205,20,50,2
2205,50,21,2
2205,21,50,2
2205,50,22,2
2205,22,50,2
2205,50,23,2
2205,23,50,2
2205,50,24,2
2205,24,50,2
2205,50,25,2
2205,25,50,2
2205,50,26,2
2205,26,50,2
2205,50,27,2
2205,27,50,2
2205,50,28,2
2205,28,50,2
2205,50,29,2
2205,29,50,2
2205,50,30,2
2205,30,50,2
2205,50,31,2
2205,31,50,2
2205,50,32,2
2205,32,50,2
2205,50,33,2
2205,33,50,2
2205,50,34,2
2205,34,50,2
2205,50,35,2
2205,35,50,2
2205,50,36,2
2205,36,50,2
2205,50,37,2
2205,37,50,2
2205,50,38,2
2205,38,50,2
2205,50,39,2
2205,39,50,2
2205,51,0,2
2205,0,51,2
2205,51,1,2
2205,1,51,2
2205,51,2,2
2205,2,51,2
2205,51,3,2
2205,3,51,2
2205,51,4,2
2205,4,51,2
2205,51,5,2
2205,5,51,2
2205,51,6,3
2205,6,51,3
2205,51,7,2
2205,7,51,2
2205,51,8,2
2205,8,51,2
2205,51,9,2
2205,9,51,2
2205,51,10,2
2205,10,51,2
2205,51,11,2
2205,11,51,2
2205,51,12,2
2205,12,51,2
2205,51,13,2
2205,13,51,2
2205,51,14,2
2205,14,51,2
2205,51,15,2
2205,15,51,2
2205,51,16,2
2205,16,51,2
2205,51,17,2
2205,17,51,2
2205,51,18,2
2205,18,51,2
2205,51,19,2
2205,19,51,2
2205,51,20,2
2205,20,51,2
2205,51,21,2
2205,21,51,2
2205,51,22,2
2205,22,51,2
2205,51,23,3
2205,23,51,3
2205,51,24,2
2205,24,51,2
2205,51,25,2
2205,25,51,2
2205,51,26,2
2205,26,51,2
2205,51,27,2
2205,27,51,2
2205,51,28,2
2205,28,51,2
2205,51,29,2
2205,29,51,2
2205,51,30,2
2205,30,51,2
2205,51,31,2
2205,31,51,2
2205,51,32,2
2205,32,51,2
2205,51,33,2
2205,33,51,2
2205,51,34,2
2205,34,51,2
2205,51,35,2
2205,35,51,2
2205,51,36,2
2205,36,51,2
2205,51,37,2
2205,37,51,2
2205,51,38,2
2205,38,51,2
2205,51,39,2
2205,39,51,2
2205,52,0,2
2205,0,52,2
2205,52,1,2
2205,1,52,2
2205,52,2,2
2205,2,52,2
2205,52,3,2
2205,3,52,2
2205,52,4,2
2205,4,52,2
2205,52,5,2
2205,5,52,2
2205,52,6,2
2205,6,52,2
2205,52,7,3
2205,7,52,3
2205,52,8,2
2205,8,52,2
2205,52,9,2
2205,9,52,2
2205,52,10,2
2205,10,52,2
2205,52,11,2
2205,11,52,2
2205,52,12,2
2205,12,52,2
2205,52,13,2
2205,13,52,2
2205,52,14,2
2205,14,52,2
2205,52,15,2
2205,15,52,2
2205,52,16,2
2205,16,52,2
2205,52,17,2
2205,17,52,2
2205,52,18,2
2205,18,52,2
2205,52,19,2
2205,19,52,2
2205,52,20,2
2205,20,52,2
2205,52,21,2
2205,21,52,2
2205,52,22,2
2205,22,52,2
2205,52,23,2
2205,23,52,2
2205,52,24,3
2205,24,52,3
2205,52,25,2
2205,25,52,2
2205,52,26,2
2205,26,52,2
2205,52,27,2
2205,27,52,2
2205,52,28,2
2205,28,52,2
2205,52,29,2
2205,29,52,2
2205,52,30,2
2205,30,52,2
2205,52,31,2
2205,31,52,2
2205,52,32,2
2205,32,52,2
2205,52,33,2
2205,33,52,2
2205,52,34,2
2205,34,52,2
2205,52,35,2
2205,35,52,2
2205,52,36,2
2205,36,52,2
2205,52,37,2
2205,37,52,2
2205,52,38,2
2205,38,52,2
2205,52,39,2
2205,39,52,2
2205,53,0,2
2205,0,53,2
2205,53,1,2
2205,1,53,2
2205,53,2,2
2205,2,53,2
2205,53,3,2
2205,3,53,2
2205,53,4,2
2205,4,53,2
2205,53,5,2
2205,5,53,2
2205,53,6,2
2205,6,53,2
2205,53,7,2
2205,7,53,2
2205,53,8,3
2205,8,53,3
2205,53,9,2
2205,9,53,2
2205,53,10,2
2205,10,53,2
2205,53,11,2
2205,11,53,2
2205,53,12,2
2205,12,53,2
2205,53,13,2
2205,13,53,2
2205,53,14,2
2205,14,53,2
2205,53,15,2
2205,15,53,2
2205,53,16,2
2205,16,53,2
2205,53,17,2
2205,17,53,2
2205,53,18,2
2205,18,53,2
2205,53,19,2
2205,19,53,2
2205,53,20,2
2205,20,53,2
2205,53,21,2
2205,21,53,2
2205,53,22,2
2205,22,53,2
2205,53,23,2
2205,23,53,2
2205,53,24,2
2205,24,53,2
2205,53,25,3
2205,25,53,3
2205,53,26,2
2205,26,53,2
2205,53,27,2
2205,27,53,2
2205,53,28,2
2205,28,53,2
2205,53,29,2
2205,29,53,2
2205,53,30,2
2205,30,53,2
2205,53,31,2
2205,31,53,2
2205,53,32,2
2205,32,53,2
2205,53,33,2
2205,33,53,2
2205,53,34,2
2205,34,53,2
2205,53,35,2
2205,35,53,2
2205,53,36,2
2205,36,53,2
2205,53,37,2
2205,37,53,2
2205,53,38,2
2205,38,53,2
2205,53,39,2
2205,39,53,2
2205,54,0,2
2205,0,54,2
2205,54,1,2
2205,1,54,2
2205,54,2,2
2205,2,54,2
2205,54,3,2
2205,3,54,2
2205,54,4,2
2205,4,54,2
2205,54,5,2
2205,5,54,2
2205,54,6,2
2205,6,54,2
2205,54,7,2
2205,7,54,2
2205,54,8,2
2205,8,54,2
2205,54,9,3
2205,9,54,3
2205,54,10,2
2205,10,54,2
2205,54,11,2
2205,11,54,2
2205,54,12,2
2205,12,54,2
2205,54,13,2
2205,13,54,2
2205,54,14,2
2205,14,54,2
2205,54,15,2
2205,15,54,2
2205,54,16,2
2205,16,54,2
2205,54,17,2
2205,17,54,2
2205,54,18,2
2205,18,54,2
2205,54,19,2
2205,19,54,2
2205,54,20,2
2205,20,54,2
2205,54,21,2
2205,21,54,2
2205,54,22,2
2205,22,54,2
2205,54,23,2
2205,23,54,2
2205,54,24,2
2205,24,54,2
2205,54,25,2
2205,25,54,2
2205,54,26,3
2205,26,54,3
2205,54,27,2
2205,27,54,2
2205,54,28,2
2205,28,54,2
2205,54,29,2
2205,29,54,2
2205,54,30,2
2205,30,54,2
2205,54,31,2
2205,31,54,2
2205,54,32,2
2205,32,54,2
2205,54,33,2
2205,33,54,2
2205,54,34,2
2205,34,54,2
2205,54,35,2
2205,35,54,2
2205,54,36,2
2205,36,54,2
2205,54,37,2
2205,37,54,2
2205,54,38,2
2205,38,54,2
2205,54,39,2
2205,39,54,2
2205,55,0,2
2205,0,55,2
2205,55,1,2
2205,1,55,2
2205,55,2,2
2205,2,55,2
2205,55,3,2
2205,3,55,2
2205,55,4,2
2205,4,55,2
2205,55,5,2
2205,5,55,2
2205,55,6,2
2205,6,55,2
2205,55,7,2
2205,7,55,2
2205,55,8,2
2205,8,55,2
2205,55,9,2
2205,9,55,2
2205,55,10,3
2205,10,55,3
2205,55,11,2
2205,11,55,2
2205,55,12,2
2205,12,55,2
2205,55,13,2
2205,13,55,2
2205,55,14,2
2205,14,55,2
2205,55,15,2
2205,15,55,2
2205,55,16,2
2205,16,55,2
2205,55,17,2
2205,17,55,2
2205,55,18,2
2205,18,55,2
2205,55,19,2
2205,19,55,2
2205,55,20,2
2205,20,55,2
2205,55,21,2
2205,21,55,2
2205,55,22,2
2205,22,55,2
2205,55,23,2
2205,23,55,2
2205,55,24,2
2205,24,55,2
2205,55,25,2
2205,25,55,2
2205,55,26,2
2205,26,55,2
2205,55,27,3
2205,27,55,3
2205,55,28,2
2205,28,55,2
2205,55,29,2
2205,29,55,2
2205,55,30,2
2205,30,55,2
2205,55,31,2
2205,31,55,2
2205,55,32,2
2205,32,55,2
2205,55,33,2
2205,33,55,2
2205,55,34,2
2205,34,55,2
2205,55,35,2
2205,35,55,2
2205,55,36,2
2205,36,55,2
2205,55,37,2
2205,37,55,2
2205,55,38,2
2205,38,55,2
2205,55,39,2
2205,39,55,2
2205,56,0,2
2205,0,56,2
2205,56,1,2
2205,1,56,2
2205,56,2,2
2205,2,56,2
2205,56,3,2
2205,3,56,2
2205,56,4,2
2205,4,56,2
2205,56,5,2
2205,5,56,2
2205,56,6,2
2205,6,56,2
2205,56,7,2
2205,7,56,2
2205,56,8,2
2205,8,56,2
2205,56,9,2
2205,9,56,2
2205,56,10,2
2205,10,56,2
2205,56,11,3
2205,11,56,3
2205,56,12,2
2205,12,56,2
2205,56,13,2
2205,13,56,2
2205,56,14,2
2205,14,56,2
2205,56,15,2
2205,15,56,2
2205,56,16,2
2205,16,56,2
2205,56,17,2
2205,17,56,2
2205,56,18,2
2205,18,56,2
2205,56,19,2
2205,19,56,2
2205,56,20,2
2205,20,56,2
2205,56,21,2
2205,21,56,2
2205,56,22,2
2205,22,56,2
2205,56,23,2
2205,23,56,2
2205,56,24,2
2205,24,56,2
2205,56,25,2
2205,25,56,2
2205,56,26,2
2205,26,56,2
2205,56,27,2
2205,27,56,2
2205,56,28,3
2205,28,56,3
2205,56,29,2
2205,29,56,2
2205,56,30,2
2205,30,56,2
2205,56,31,2
2205,31,56,2
2205,56,32,2
2205,32,56,2
2205,56,33,2
2205,33,56,2
2205,56,34,2
2205,34,56,2
2205,56,35,2
2205,35,56,2
2205,56,36,2
2205,36,56,2
2205,56,37,2
2205,37,56,2
2205,56,38,2
2205,38,56,2
2205,56,39,2
2205,39,56,2
2205,57,0,2
2205,0,57,2
2205,57,1,2
2205,1,57,2
2205,57,2,2
2205,2,57,2
2205,57,3,2
2205,3,57,2
2205,57,4,2
2205,4,57,2
2205,57,5,2
2205,5,57,2
2205,57,6,2
2205,6,57,2
2205,57,7,2
2205,7,57,2
2205,57,8,2
2205,8,57,2
2205,57,9,2
2205,9,57,2
2205,57,10,2
2205,10,57,2
2205,57,11,2
2205,11,57,2
2205,57,12,6
2205,12,57,6
2205,57,13,2
2205,13,57,2
2205,57,14,2
2205,14,57,2
2205,57,15,2
2205,15,57,2
2205,57,16,2
2205,16,57,2
2205,57,17,2
2205,17,57,2
2205,57,18,2
2205,18,57,2
2205,57,19,2
2205,19,57,2
2205,57,20,2
2205,20,57,2
2205,57,21,2
2205,21,57,2
2205,57,22,2
2205,22,57,2
2205,57,23,2
2205,23,57,2
2205,57,24,2
2205,24,57,2
2205,57,25,2
2205,25,57,2
2205,57,26,2
2205,26,57,2
2205,57,27,2
2205,27,57,2
2205,57,28,2
2205,28,57,2
2205,57,29,3
2205,29,57,3
2205,57,30,2
2205,30,57,2
2205,57,31,2
2205,31,57,2
2205,57,32,2
2205,32,57,2
2205,57,33,2
2205,33,57,2
2205,57,34,2
2205,34,57,2
2205,57,35,2
2205,35,57,2
2205,57,36,2
2205,36,57,2
2205,57,37,2
2205,37,57,2
2205,57,38,2
2205,38,57,2
2205,57,39,2
2205,39,57,2
2205,58,0,2
2205,0,58,2
2205,58,1,2
2205,1,58,2
2205,58,2,2
2205,2,58,2
2205,58,3,2
2205,3,58,2
2205,58,4,2
2205,4,58,2
2205,58,5,2
2205,5,58,2
2205,58,6,2
2205,6,58,2
2205,58,7,2
2205,7,58,2
2205,58,8,2
2205,8,58,2
2205,58,9,2
2205,9,58,2
2205,58,10,2
2205,10,58,2
2205,58,11,2
2205,11,58,2
2205,58,12,2
2205,12,58,2
2205,58,13,2
2205,13,58,2
2205,58,14,2
2205,14,58,2
2205,58,15,2
2205,15,58,2
2205,58,16,2
2205,16,58,2
2205,58,17,2
2205,17,58,2
2205,58,18,2
2205,18,58,2
2205,58,19,2
2205,19,58,2
2205,58,20,2
2205,20,58,2
2205,58,21,2
2205,21,58,2
2205,58,22,2
2205,22,58,2
2205,58,23,2
2205,23,58,2
2205,58,24,2
2205,24,58,2
2205,58,25,2
2205,25,58,2
2205,58,26,2
2205,26,58,2
2205,58,27,2
2205,27,58,2
2205,58,28,2
2205,28,58,2
2205,58,29,2
2205,29,58,2
2205,58,30,3
2205,30,58,3
2205,58,31,2
2205,31,58,2
2205,58,32,2
2205,32,58,2
2205,58,33,2
2205,33,58,2
2205,58,34,2
2205,34,58,2
2205,58,35,2
2205,35,58,2
2205,58,36,2
2205,36,58,2
2205,58,37,2
2205,37,58,2
2205,58,38,2
2205,38,58,2
2205,58,39,2
2205,39,58,2
2205,59,0,2
2205,0,59,2
2205,59,1,2
2205,1,59,2
2205,59,2,2
2205,2,59,2
2205,59,3,2
2205,3,59,2
2205,59,4,2
2205,4,59,2
2205,59,5,2
2205,5,59,2
2205,59,6,2
2205,6,59,2
2205,59,7,2
2205,7,59,2
2205,59,8,2
2205,8,59,2
2205,59,9,2
2205,9,59,2
2205,59,10,2
2205,10,59,2
2205,59,11,2
2205,11,59,2
2205,59,12,2
2205,12,59,2
2205,59,13,2
2205,13,59,2
2205,59,14,2
2205,14,59,2
2205,59,15,2
2205,15,59,2
2205,59,16,2
2205,16,59,2
2205,59,17,2
2205,17,59,2
2205,59,18,2
2205,18,59,2
2205,59,19,2
2205,19,59,2
2205,59,20,2
2205,20,59,2
2205,59,21,2
2205,21,59,2
2205,59,22,2
2205,22,59,2
2205,59,23,2
2205,23,59,2
2205,59,24,2
2205,24,59,2
2205,59,25,2
2205,25,59,2
2205,59,26,2
2205,26,59,2
2205,59,27,2
2205,27,59,2
2205,59,28,2
2205,28,59,2
2205,59,29,2
2205,29,59,2
2205,59,30,2
2205,30,59,2
2205,59,31,3
2205,31,59,3
2205,59,32,2
2205,32,59,2
2205,59,33,2
2205,33,59,2
2205,59,34,2
2205,34,59,2
2205,59,35,2
2205,35,59,2
2205,59,36,2
2205,36,59,2
2205,59,37,2
2205,37,59,2
2205,59,38,2
2205,38,59,2
2205,59,39,2
2205,39,59,2
2205,60,0,2
2205,0,60,2
2205,60,1,2
2205,1,60,2
2205,60,2,2
2205,2,60,2
2205,60,3,2
2205,3,60,2
2205,60,4,2
2205,4,60,2
2205,60,5,2
2205,5,60,2
2205,60,6,2
2205,6,60,2
2205,60,7,2
2205,7,60,2
2205,60,8,2
2205,8,60,2
2205,60,9,2
2205,9,60,2
2205,60,10,2
2205,10,60,2
2205,60,11,2
2205,11,60,2
2205,60,12,2
2205,12,60,2
2205,60,13,2
2205,13,60,2
2205,60,14,2
2205,14,60,2
2205,60,15,2
2205,15,60,2
2205,60,16,2
2205,16,60,2
2205,60,17,2
2205,17,60,2
2205,60,18,2
2205,18,60,2
2205,60,19,2
2205,19,60,2
2205,60,20,2
2205,20,60,2
2205,60,21,2
2205,21,60,2
2205,60,22,2
2205,22,60,2
2205,60,23,2
2205,23,60,2
2205,60,24,2
2205,24,60,2
2205,60,25,2
2205,25,60,2
2205,60,26,2
2205,26,60,2
2205,60,27,2
2205,27,60,2
2205,60,28,2
2205,28,60,2
2205,60,29,2
2205,29,60,2
2205,60,30,2
2205,30,60,2
2205,60,31,2
2205,31,60,2
2205,60,32,3
2205,32,60,3
2205,60,33,2
2205,33,60,2
2205,60,34,2
2205,34,60,2
2205,60,35,2
2205,35,60,2
2205,60,36,2
2205,36,60,2
2205,60,37,2
2205,37,60,2
2205,60,38,2
2205,38,60,2
2205,60,39,2
2205,39,60,2
2205,61,0,2
2205,0,61,2
2205,61,1,2
2205,1,61,2
2205,61,2,2
2205,2,61,2
2205,61,3,2
2205,3,61,2
2205,61,4,2
2205,4,61,2
2205,61,5,2
2205,5,61,2
2205,61,6,2
2205,6,61,2
2205,61,7,2
2205,7,61,2
2205,61,8,2
2205,8,61,2
2205,61,9,2
2205,9,61,2
2205,61,10,2
2205,10,61,2
2205,61,11,2
2205,11,61,2
2205,61,12,2
2205,12,61,2
2205,61,13,2
2205,13,61,2
2205,61,14,2
2205,14,61,2
2205,61,15,2
2205,15,61,2
2205,61,16,2
2205,16,61,2
2205,61,17,2
2205,17,61,2
2205,61,18,2
2205,18,61,2
2205,61,19,2
2205,19,61,2
2205,61,20,2
2205,20,61,2
2205,61,21,2
2205,21,61,2
2205,61,22,2
2205,22,61,2
2205,61,23,2
2205,23,61,2
2205,61,24,2
2205,24,61,2
2205,61,25,2
2205,25,61,2
2205,61,26,2
2205,26,61,2
2205,61,27,2
2205,27,61,2
2205,61,28,2
2205,28,61,2
2205,61,29,2
2205,29,61,2
2205,61,30,2
2205,30,61,2
2205,61,31,2
2205,31,61,2
2205,61,32,2
2205,32,61,2
2205,61,33,3
2205,33,61,3
2205,61,34,2
2205,34,61,2
2205,61,35,2
2205,35,61,2
2205,61,36,2
2205,36,61,2
2205,61,37,2
2205,37,61,2
2205,61,38,2
2205,38,61,2
2205,61,39,2
2205,39,61,2
2205,62,0,2
2205,0,62,2
2205,62,1,2
2205,1,62,2
2205,62,2,2
2205,2,62,2
2205,62,3,2
2205,3,62,2
2205,62,4,2
2205,4,62,2
2205,62,5,2
2205,5,62,2
2205,62,6,2
2205,6,62,2
2205,62,7,2
2205,7,62,2
2205,62,8,2
2205,8,62,2
2205,62,9,2
2205,9,62,2
2205,62,10,2
2205,10,62,2
2205,62,11,2
2205,11,62,2
2205,62,12,2
2205,12,62,2
2205,62,13,2
2205,13,62,2
2205,62,14,2
2205,14,62,2
2205,62,15,2
2205,15,62,2
2205,62,16,2
2205,16,62,2
2205,62,17,2
2205,17,62,2
2205,62,18,2
2205,18,62,2
2205,62,19,2
2205,19,62,2
2205,62,20,2
2205,20,62,2
2205,62,21,2
2205,21,62,2
2205,62,22,2
2205,22,62,2
2205,62,23,2
2205,23,62,2
2205,62,24,2
2205,24,62,2
2205,62,25,2
2205,25,62,2
2205,62,26,2
2205,26,62,2
2205,62,27,2
2205,27,62,2
2205,62,28,2
2205,28,62,2
2205,62,29,2
2205,29,62,2
2205,62,30,2
2205,30,62,2
2205,62,31,2
2205,31,62,2
2205,62,32,2
2205,32,62,2
2205,62,33,2
2205,33,62,2
2205,62,34,3
2205,34,62,3
2205,62,35,2
2205,35,62,2
2205,62,36,2
2205,36,62,2
2205,62,37,2
2205,37,62,2
2205,62,38,2
2205,38,62,2
2205,62,39,2
2205,39,62,2
2205,63,0,2
2205,0,63,2
2205,63,1,2
2205,1,63,2
2205,63,2,2
2205,2,63,2
2205,63,3,2
2205,3,63,2
2205,63,4,2
2205,4,63,2
2205,63,5,2
2205,5,63,2
2205,63,6,2
2205,6,63,2
2205,63,7,2
2205,7,63,2
2205,63,8,2
2205,8,63,2
2205,63,9,2
2205,9,63,2
2205,63,10,2
2205,10,63,2
2205,63,11,2
2205,11,63,2
2205,63,12,2
2205,12,63,2
2205,63,13,2
2205,13,63,2
2205,63,14,2
2205,14,63,2
2205,63,15,2
2205,15,63,2
2205,63,16,2
2205,16,63,2
2205,63,17,2
2205,17,63,2
2205,63,18,2
2205,18,63,2
2205,63,19,2
2205,19,63,2
2205,63,20,2
2205,20,63,2
2205,63,21,2
2205,21,63,2
2205,63,22,2
2205,22,63,2
2205,63,23,2
2205,23,63,2
2205,63,24,2
2205,24,63,2
2205,63,25,2
2205,25,63,2
2205,63,26,2
2205,26,63,2
2205,63,27,2
2205,27,63,2
2205,63,28,2
2205,28,63,2
2205,63,29,2
2205,29,63,2
2205,63,30,2
2205,30,63,2
2205,63,31,2
2205,31,63,2
2205,63,32,2
2205,32,63,2
2205,63,33,2
2205,33,63,2
2205,63,34,2
2205,34,63,2
2205,63,35,3
2205,35,63,3
2205,63,36,2
2205,36,63,2
2205,63,37,2
2205,37,63,2
2205,63,38,2
2205,38,63,2
2205,63,39,2
2205,39,63,2
2205,64,0,2
2205,0,64,2
2205,64,1,2
2205,1,64,2
2205,64,2,2
2205,2,64,2
2205,64,3,2
2205,3,64,2
2205,64,4,2
2205,4,64,2
2205,64,5,2
2205,5,64,2
2205,64,6,2
2205,6,64,2
2205,64,7,2
2205,7,64,2
2205,64,8,2
2205,8,64,2
2205,64,9,2
2205,9,64,2
2205,64,10,2
2205,10,64,2
2205,64,11,2
2205,11,64,2
2205,64,12,2
2205,12,64,2
2205,64,13,2
2205,13,64,2
2205,64,14,2
2205,14,64,2
2205,64,15,2
2205,15,64,2
2205,64,16,2
2205,16,64,2
2205,64,17,2
2205,17,64,2
2205,64,18,2
2205,18,64,2
2205,64,19,2
2205,19,64,2
2205,64,20,2
2205,20,64,2
2205,64,21,2
2205,21,64,2
2205,64,22,2
2205,22,64,2
2205,64,23,2
2205,23,64,2
2205,64,24,2
2205,24,64,2
2205,64,25,2
2205,25,64,2
2205,64,26,2
2205,26,64,2
2205,64,27,2
2205,27,64,2
2205,64,28,2
2205,28,64,2
2205,64,29,2
2205,29,64,2
2205,64,30,2
2205,30,64,2
2205,64,31,2
2205,31,64,2
2205,64,32,2
2205,32,64,2
2205,64,33,2
2205,33,64,2
2205,64,34,2
2205,34,64,2
2205,64,35,2
2205,35,64,2
2205,64,36,3
2205,36,64,3
2205,64,37,2
2205,37,64,2
2205,64,38,2
2205,38,64,2
2205,64,39,2
2205,39,64,2
2205,65,0,2
2205,0,65,2
2205,65,1,2
2205,1,65,2
2205,65,2,2
2205,2,65,2
2205,65,3,2
2205,3,65,2
2205,65,4,2
2205,4,65,2
2205,65,5,2
2205,5,65,2
2205,65,6,2
2205,6,65,2
2205,65,7,2
2205,7,65,2
2205,65,8,2
2205,8,65,2
2205,65,9,2
2205,9,65,2
2205,65,10,2
2205,10,65,2
2205,65,11,2
2205,11,65,2
2205,65,12,2
2205,12,65,2
2205,65,13,2
2205,13,65,2
2205,65,14,2
2205,14,65,2
2205,65,15,2
2205,15,65,2
2205,65,16,2
2205,16,65,2
2205,65,17,2
2205,17,65,2
2205,65,18,2
2205,18,65,2
2205,65,19,2
2205,19,65,2
2205,65,20,2
2205,20,65,2
2205,65,21,2
2205,21,65,2
2205,65,22,2
2205,22,65,2
2205,65,23,2
2205,23,65,2
2205,65,24,2
2205,24,65,2
2205,65,25,2
2205,25,65,2
2205,65,26,2
2205,26,65,2
2205,65,27,2
2205,27,65,2
2205,65,28,2
2205,28,65,2
2205,65,29,2
2205,29,65,2
2205,65,30,2
2205,30,65,2
2205,65,31,2
2205,31,65,2
2205,65,32,2
2205,32,65,2
2205,65,33,2
2205,33,65,2
2205,65,34,2
2205,34,65,2
2205,65,35,2
2205,35,65,2
2205,65,36,2
2205,36,65,2
2205,65,37,3
2205,37,65,3
2205,65,38,2
2205,38,65,2
2205,65,39,2
2205,39,65,2
2205,66,0,2
2205,0,66,2
2205,66,1,2
2205,1,66,2
2205,66,2,2
2205,2,66,2
2205,66,3,2
2205,3,66,2
2205,66,4,2
2205,4,66,2
2205,66,5,2
2205,5,66,2
2205,66,6,2
2205,6,66,2
2205,66,7,2
2205,7,66,2
2205,66,8,2
2205,8,66,2
2205,66,9,2
2205,9,66,2
2205,66,10,2
2205,10,66,2
2205,66,11,2
2205,11,66,2
2205,66,12,2
2205,12,66,2
2205,66,13,2
2205,13,66,2
2205,66,14,2
2205,14,66,2
2205,66,15,2
2205,15,66,2
2205,66,16,2
2205,16,66,2
2205,66,17,2
2205,17,66,2
2205,66,18,2
2205,18,66,2
2205,66,19,2
2205,19,66,2
2205,66,20,2
2205,20,66,2
2205,66,21,2
2205,21,66,2
2205,66,22,2
2205,22,66,2
2205,66,23,2
2205,23,66,2
2205,66,24,2
2205,24,66,2
2205,66,25,2
2205,25,66,2
2205,66,26,2
2205,26,66,2
2205,66,27,2
2205,27,66,2
2205,66,28,2
2205,28,66,2
2205,66,29,2
2205,29,66,2
2205,66,30,2
2205,30,66,2
2205,66,31,2
2205,31,66,2
2205,66,32,2
2205,32,66,2
2205,66,33,2
2205,33,66,2
2205,66,34,2
2205,34,66,2
2205,66,35,2
2205,35,66,2
2205,66,36,2
2205,36,66,2
2205,66,37,2
2205,37,66,2
2205,66,38,3
2205,38,66,3
2205,66,39,2
2205,39,66,2
2205,67,0,2
2205,0,67,2
2205,67,1,2
2205,1,67,2
2205,67,2,2
2205,2,67,2
2205,67,3,2
2205,3,67,2
2205,67,4,2
2205,4,67,2
2205,67,5,2
2205,5,67,2
2205,67,6,2
2205,6,67,2
2205,67,7,2
2205,7,67,2
2205,67,8,2
2205,8,67,2
2205,67,9,2
2205,9,67,2
2205,67,10,2
2205,10,67,2
2205,67,11,2
2205,11,67,2
2205,67,12,2
2205,12,67,2
2205,67,13,2
2205,13,67,2
2205,67,14,2
2205,14,67,2
2205,67,15,2
2205,15,67,2
2205,67,16,2
2205,16,67,2
2205,67,17,2
2205,17,67,2
2205,67,18,2
2205,18,67,2
2205,67,19,2
2205,19,67,2
2205,67,20,2
2205,20,67,2
2205,67,21,2
2205,21,67,2
2205,67,22,2
2205,22,67,2
2205,67,23,2
2205,23,67,2
2205,67,24,2
2205,24,67,2
2205,67,25,2
2205,25,67,2
2205,67,26,2
2205,26,67,2
2205,67,27,2
2205,27,67,2
2205,67,28,2
2205,28,67,2
2205,67,29,2
2205,29,67,2
2205,67,30,2
2205,30,67,2
2205,67,31,2
2205,31,67,2
2205,67,32,2
2205,32,67,2
2205,67,33,2
2205,33,67,2
2205,67,34,2
2205,34,67,2
2205,67,35,2
2205,35,67,2
2205,67,36,2
2205,36,67,2
2205,67,37,2
2205,37,67,2
2205,67,38,2
2205,38,67,2
2205,67,39,3
2205,39,67,3
